campaign_id,campaign_name,start_date,end_date,channel,budget
M0001,Email Campaign 1,2024-03-02,2024-03-07,email,14861
M0002,Search Campaign 2,2024-03-02,2024-03-13,search,12601
M0003,Search Campaign 3,2024-02-01,2024-02-18,search,4052
M0004,Social Campaign 4,2024-01-09,2024-01-18,social,5060
M0005,Display Campaign 5,2024-03-15,2024-04-01,display,5217
M0006,Email Campaign 6,2024-03-28,2024-04-06,email,11906
M0007,Display Campaign 7,2024-01-26,2024-02-09,display,7312
M0008,Display Campaign 8,2024-03-28,2024-04-08,display,16542
M0009,Search Campaign 9,2024-02-25,2024-03-08,search,4177
M0010,Email Campaign 10,2024-03-15,2024-04-01,email,16339
M0011,Social Campaign 11,2024-01-27,2024-02-11,social,5523
M0012,Search Campaign 12,2024-01-30,2024-02-05,search,10111
M0013,Social Campaign 13,2024-03-08,2024-03-25,social,11665
M0014,Search Campaign 14,2024-03-01,2024-03-07,search,9926
M0015,Social Campaign 15,2024-01-15,2024-01-24,social,6436
M0016,Display Campaign 16,2024-03-18,2024-03-28,display,2506
M0017,Display Campaign 17,2024-02-03,2024-02-23,display,2261
M0018,Search Campaign 18,2024-03-01,2024-03-12,search,9984
M0019,Social Campaign 19,2024-02-23,2024-03-05,social,13461
M0020,Display Campaign 20,2024-02-05,2024-02-10,display,16234
M0021,Display Campaign 21,2024-01-02,2024-01-15,display,11436
M0022,Display Campaign 22,2024-01-09,2024-01-29,display,14173
M0023,Search Campaign 23,2024-03-09,2024-03-22,search,5301
M0024,Display Campaign 24,2024-02-29,2024-03-10,display,8188
M0025,Email Campaign 25,2024-03-01,2024-03-12,email,14738
M0026,Social Campaign 26,2024-01-17,2024-01-29,social,9297
M0027,Email Campaign 27,2024-02-17,2024-03-08,email,7146
M0028,Social Campaign 28,2024-02-15,2024-03-05,social,13288
M0029,Display Campaign 29,2024-01-29,2024-02-18,display,4482
M0030,Search Campaign 30,2024-01-15,2024-01-20,search,19203
M0031,Email Campaign 31,2024-03-02,2024-03-12,email,15492
M0032,Display Campaign 32,2024-03-20,2024-03-30,display,13820
M0033,Search Campaign 33,2024-01-15,2024-01-22,search,8895
M0034,Social Campaign 34,2024-03-22,2024-04-04,social,6062
M0035,Social Campaign 35,2024-01-24,2024-02-10,social,7146
M0036,Display Campaign 36,2024-03-28,2024-04-14,display,13434
M0037,Email Campaign 37,2024-03-08,2024-03-18,email,2534
M0038,Display Campaign 38,2024-03-18,2024-04-06,display,16132
M0039,Social Campaign 39,2024-03-18,2024-04-05,social,19826
M0040,Search Campaign 40,2024-02-13,2024-02-25,search,12824
M0041,Display Campaign 41,2024-03-06,2024-03-21,display,11912
M0042,Display Campaign 42,2024-02-19,2024-03-02,display,7752
M0043,Social Campaign 43,2024-01-28,2024-02-10,social,11988
M0044,Display Campaign 44,2024-01-17,2024-01-25,display,5400
M0045,Email Campaign 45,2024-03-03,2024-03-14,email,5369
M0046,Email Campaign 46,2024-03-24,2024-03-29,email,6244
M0047,Display Campaign 47,2024-02-11,2024-03-02,display,12308
M0048,Email Campaign 48,2024-02-17,2024-02-24,email,18077
M0049,Email Campaign 49,2024-03-09,2024-03-25,email,5869
M0050,Social Campaign 50,2024-03-03,2024-03-15,social,3902
M0051,Social Campaign 51,2024-02-06,2024-02-16,social,19688
M0052,Search Campaign 52,2024-02-06,2024-02-14,search,7659
M0053,Display Campaign 53,2024-03-12,2024-03-18,display,5617
M0054,Search Campaign 54,2024-03-29,2024-04-09,search,19229
M0055,Social Campaign 55,2024-02-26,2024-03-11,social,7169
M0056,Display Campaign 56,2024-02-09,2024-02-27,display,19836
M0057,Search Campaign 57,2024-01-23,2024-01-29,search,11592
M0058,Email Campaign 58,2024-03-10,2024-03-21,email,6302
M0059,Display Campaign 59,2024-01-01,2024-01-13,display,19045
M0060,Social Campaign 60,2024-03-22,2024-04-07,social,3097
M0061,Search Campaign 61,2024-03-06,2024-03-22,search,7772
M0062,Display Campaign 62,2024-02-17,2024-02-23,display,2379
M0063,Email Campaign 63,2024-02-26,2024-03-04,email,2610
M0064,Search Campaign 64,2024-03-22,2024-04-04,search,12514
M0065,Email Campaign 65,2024-03-12,2024-03-20,email,17261
M0066,Email Campaign 66,2024-01-12,2024-01-17,email,2445
M0067,Email Campaign 67,2024-03-13,2024-03-20,email,6241
M0068,Social Campaign 68,2024-02-20,2024-03-05,social,17400
M0069,Search Campaign 69,2024-02-09,2024-02-22,search,2970
M0070,Search Campaign 70,2024-02-19,2024-03-06,search,8641
M0071,Social Campaign 71,2024-03-03,2024-03-22,social,11508
M0072,Social Campaign 72,2024-02-23,2024-03-11,social,12106
M0073,Search Campaign 73,2024-02-24,2024-03-15,search,11183
M0074,Social Campaign 74,2024-01-21,2024-01-26,social,2675
M0075,Display Campaign 75,2024-01-19,2024-02-08,display,18761
M0076,Social Campaign 76,2024-03-21,2024-04-09,social,7607
M0077,Search Campaign 77,2024-03-23,2024-04-03,search,15043
M0078,Display Campaign 78,2024-01-08,2024-01-27,display,17952
M0079,Display Campaign 79,2024-02-10,2024-02-29,display,16424
M0080,Search Campaign 80,2024-01-11,2024-01-31,search,12457
M0081,Search Campaign 81,2024-03-31,2024-04-13,search,19043
M0082,Search Campaign 82,2024-03-21,2024-03-31,search,4753
M0083,Display Campaign 83,2024-02-08,2024-02-28,display,11097
M0084,Email Campaign 84,2024-01-30,2024-02-06,email,11306
M0085,Email Campaign 85,2024-01-28,2024-02-07,email,17711
M0086,Display Campaign 86,2024-03-11,2024-03-23,display,9427
M0087,Email Campaign 87,2024-01-05,2024-01-16,email,2500
M0088,Display Campaign 88,2024-03-28,2024-04-11,display,4557
M0089,Email Campaign 89,2024-03-06,2024-03-12,email,7108
M0090,Social Campaign 90,2024-01-28,2024-02-17,social,8162
M0091,Social Campaign 91,2024-03-12,2024-03-31,social,10525
M0092,Email Campaign 92,2024-01-02,2024-01-21,email,5987
M0093,Search Campaign 93,2024-02-20,2024-03-10,search,4269
M0094,Social Campaign 94,2024-01-08,2024-01-20,social,6924
M0095,Social Campaign 95,2024-01-17,2024-02-01,social,8180
M0096,Social Campaign 96,2024-03-09,2024-03-14,social,4957
M0097,Display Campaign 97,2024-01-21,2024-01-30,display,11179
M0098,Search Campaign 98,2024-02-20,2024-02-29,search,3612
M0099,Email Campaign 99,2024-01-21,2024-01-28,email,17960
M0100,Social Campaign 100,2024-03-02,2024-03-13,social,11213
M0101,Display Campaign 101,2024-01-24,2024-02-04,display,11687
M0102,Social Campaign 102,2024-03-09,2024-03-15,social,15124
M0103,Search Campaign 103,2024-01-11,2024-01-21,search,10482
M0104,Social Campaign 104,2024-03-24,2024-04-08,social,11434
M0105,Display Campaign 105,2024-02-14,2024-02-22,display,9259
M0106,Social Campaign 106,2024-02-15,2024-03-03,social,18506
M0107,Search Campaign 107,2024-01-12,2024-01-22,search,16967
M0108,Email Campaign 108,2024-01-18,2024-01-25,email,18315
M0109,Email Campaign 109,2024-01-07,2024-01-12,email,4702
M0110,Display Campaign 110,2024-01-26,2024-02-02,display,6668
M0111,Social Campaign 111,2024-02-16,2024-03-04,social,4412
M0112,Search Campaign 112,2024-01-08,2024-01-28,search,14584
M0113,Social Campaign 113,2024-03-29,2024-04-14,social,11120
M0114,Social Campaign 114,2024-03-05,2024-03-23,social,6675
M0115,Search Campaign 115,2024-03-14,2024-03-19,search,14394
M0116,Search Campaign 116,2024-03-10,2024-03-15,search,5297
M0117,Email Campaign 117,2024-01-18,2024-02-04,email,16533
M0118,Social Campaign 118,2024-02-16,2024-03-07,social,8576
M0119,Social Campaign 119,2024-01-11,2024-01-27,social,14560
M0120,Display Campaign 120,2024-03-16,2024-03-31,display,12810
M0121,Display Campaign 121,2024-01-31,2024-02-12,display,17596
M0122,Email Campaign 122,2024-01-09,2024-01-20,email,4742
M0123,Search Campaign 123,2024-03-26,2024-04-07,search,16100
M0124,Email Campaign 124,2024-01-29,2024-02-10,email,16897
M0125,Email Campaign 125,2024-03-29,2024-04-08,email,4889
M0126,Email Campaign 126,2024-03-29,2024-04-15,email,14207
M0127,Email Campaign 127,2024-02-05,2024-02-11,email,3409
M0128,Display Campaign 128,2024-02-26,2024-03-08,display,4083
M0129,Social Campaign 129,2024-03-05,2024-03-22,social,13469
M0130,Email Campaign 130,2024-02-23,2024-03-04,email,3962
M0131,Search Campaign 131,2024-01-15,2024-01-30,search,11216
M0132,Email Campaign 132,2024-03-04,2024-03-16,email,7715
M0133,Search Campaign 133,2024-02-20,2024-03-04,search,7239
M0134,Display Campaign 134,2024-03-20,2024-03-29,display,16656
M0135,Email Campaign 135,2024-01-22,2024-02-01,email,17130
M0136,Social Campaign 136,2024-02-25,2024-03-10,social,19372
M0137,Search Campaign 137,2024-03-18,2024-04-03,search,7078
M0138,Email Campaign 138,2024-01-31,2024-02-16,email,16359
M0139,Search Campaign 139,2024-01-29,2024-02-12,search,18055
M0140,Social Campaign 140,2024-01-06,2024-01-17,social,10346
M0141,Display Campaign 141,2024-03-08,2024-03-19,display,10586
M0142,Display Campaign 142,2024-03-22,2024-04-07,display,11022
M0143,Email Campaign 143,2024-03-05,2024-03-19,email,2456
M0144,Display Campaign 144,2024-01-12,2024-01-24,display,6250
M0145,Email Campaign 145,2024-03-01,2024-03-20,email,7584
M0146,Social Campaign 146,2024-01-08,2024-01-23,social,6646
M0147,Social Campaign 147,2024-01-29,2024-02-10,social,11236
M0148,Email Campaign 148,2024-02-24,2024-03-09,email,10219
M0149,Email Campaign 149,2024-03-04,2024-03-22,email,2543
M0150,Email Campaign 150,2024-03-09,2024-03-15,email,10281
M0151,Search Campaign 151,2024-02-14,2024-02-27,search,18820
M0152,Email Campaign 152,2024-01-12,2024-01-18,email,16598
M0153,Display Campaign 153,2024-01-23,2024-02-12,display,8667
M0154,Search Campaign 154,2024-02-14,2024-02-22,search,13932
M0155,Social Campaign 155,2024-02-05,2024-02-18,social,12757
M0156,Email Campaign 156,2024-01-21,2024-02-08,email,11205
M0157,Email Campaign 157,2024-01-24,2024-01-29,email,11958
M0158,Display Campaign 158,2024-03-04,2024-03-24,display,7258
M0159,Display Campaign 159,2024-02-20,2024-02-28,display,8458
M0160,Search Campaign 160,2024-02-19,2024-03-05,search,13169
M0161,Search Campaign 161,2024-03-04,2024-03-21,search,16292
M0162,Email Campaign 162,2024-03-04,2024-03-15,email,7596
M0163,Search Campaign 163,2024-02-15,2024-02-28,search,10912
M0164,Display Campaign 164,2024-02-17,2024-02-27,display,10858
M0165,Email Campaign 165,2024-03-26,2024-04-02,email,2191
M0166,Display Campaign 166,2024-02-12,2024-02-22,display,7601
M0167,Search Campaign 167,2024-02-17,2024-02-28,search,17105
M0168,Display Campaign 168,2024-03-05,2024-03-12,display,6828
M0169,Social Campaign 169,2024-03-02,2024-03-13,social,5245
M0170,Search Campaign 170,2024-02-08,2024-02-28,search,15401
M0171,Social Campaign 171,2024-02-12,2024-02-29,social,15049
M0172,Search Campaign 172,2024-02-15,2024-02-26,search,18171
M0173,Email Campaign 173,2024-01-27,2024-02-05,email,17397
M0174,Search Campaign 174,2024-03-22,2024-04-05,search,10375
M0175,Display Campaign 175,2024-01-10,2024-01-22,display,13993
M0176,Display Campaign 176,2024-01-13,2024-01-30,display,18840
M0177,Display Campaign 177,2024-03-09,2024-03-25,display,19190
M0178,Social Campaign 178,2024-01-13,2024-01-25,social,14999
M0179,Search Campaign 179,2024-02-29,2024-03-05,search,18961
M0180,Display Campaign 180,2024-03-20,2024-04-01,display,13627
M0181,Display Campaign 181,2024-01-30,2024-02-13,display,16410
M0182,Email Campaign 182,2024-03-13,2024-03-28,email,7684
M0183,Search Campaign 183,2024-02-10,2024-02-28,search,11286
M0184,Email Campaign 184,2024-01-06,2024-01-24,email,14072
M0185,Email Campaign 185,2024-02-03,2024-02-22,email,9819
M0186,Email Campaign 186,2024-02-27,2024-03-04,email,2237
M0187,Social Campaign 187,2024-02-21,2024-03-06,social,9858
M0188,Email Campaign 188,2024-02-06,2024-02-11,email,17767
M0189,Search Campaign 189,2024-01-31,2024-02-16,search,18188
M0190,Search Campaign 190,2024-03-17,2024-03-29,search,10860
M0191,Email Campaign 191,2024-02-11,2024-02-29,email,5285
M0192,Email Campaign 192,2024-01-24,2024-02-04,email,17964
M0193,Search Campaign 193,2024-03-29,2024-04-17,search,8831
M0194,Display Campaign 194,2024-03-08,2024-03-26,display,4059
M0195,Social Campaign 195,2024-01-14,2024-01-22,social,4257
M0196,Display Campaign 196,2024-01-03,2024-01-09,display,16304
M0197,Display Campaign 197,2024-02-28,2024-03-12,display,8902
M0198,Search Campaign 198,2024-01-06,2024-01-21,search,10099
M0199,Display Campaign 199,2024-02-22,2024-03-08,display,16564
M0200,Search Campaign 200,2024-01-18,2024-01-26,search,9984
M0201,Email Campaign 201,2024-01-05,2024-01-13,email,7910
M0202,Search Campaign 202,2024-01-19,2024-01-26,search,17277
M0203,Social Campaign 203,2024-03-11,2024-03-19,social,5971
M0204,Email Campaign 204,2024-02-25,2024-03-01,email,16120
M0205,Search Campaign 205,2024-01-12,2024-01-26,search,19062
M0206,Email Campaign 206,2024-02-29,2024-03-16,email,14993
M0207,Social Campaign 207,2024-01-19,2024-02-06,social,17378
M0208,Search Campaign 208,2024-03-18,2024-03-25,search,17150
M0209,Display Campaign 209,2024-02-22,2024-03-05,display,5178
M0210,Search Campaign 210,2024-03-25,2024-03-30,search,11112
M0211,Social Campaign 211,2024-02-12,2024-02-23,social,18429
M0212,Email Campaign 212,2024-01-15,2024-01-22,email,8978
M0213,Email Campaign 213,2024-02-28,2024-03-16,email,12534
M0214,Social Campaign 214,2024-03-23,2024-04-11,social,14130
M0215,Email Campaign 215,2024-02-01,2024-02-15,email,8205
M0216,Search Campaign 216,2024-03-31,2024-04-14,search,18072
M0217,Display Campaign 217,2024-03-10,2024-03-17,display,12949
M0218,Email Campaign 218,2024-03-02,2024-03-21,email,11889
M0219,Email Campaign 219,2024-03-27,2024-04-04,email,12603
M0220,Search Campaign 220,2024-02-02,2024-02-17,search,19882
M0221,Display Campaign 221,2024-03-14,2024-04-02,display,12503
M0222,Social Campaign 222,2024-02-08,2024-02-13,social,6889
M0223,Search Campaign 223,2024-02-03,2024-02-19,search,13795
M0224,Social Campaign 224,2024-03-26,2024-04-07,social,8099
M0225,Email Campaign 225,2024-02-14,2024-02-29,email,13306
M0226,Social Campaign 226,2024-03-27,2024-04-07,social,4611
M0227,Search Campaign 227,2024-02-02,2024-02-18,search,19684
M0228,Display Campaign 228,2024-01-29,2024-02-06,display,14694
M0229,Search Campaign 229,2024-03-22,2024-04-11,search,10915
M0230,Email Campaign 230,2024-02-19,2024-03-10,email,13531
M0231,Email Campaign 231,2024-02-29,2024-03-14,email,9096
M0232,Social Campaign 232,2024-03-24,2024-04-13,social,5411
M0233,Social Campaign 233,2024-02-25,2024-03-06,social,15161
M0234,Display Campaign 234,2024-02-24,2024-03-08,display,17626
M0235,Display Campaign 235,2024-01-30,2024-02-17,display,4824
M0236,Search Campaign 236,2024-02-07,2024-02-26,search,17228
M0237,Search Campaign 237,2024-03-07,2024-03-20,search,3990
M0238,Search Campaign 238,2024-03-25,2024-03-30,search,6786
M0239,Social Campaign 239,2024-02-22,2024-02-28,social,3535
M0240,Social Campaign 240,2024-03-23,2024-04-03,social,17565
M0241,Search Campaign 241,2024-03-16,2024-03-22,search,12406
M0242,Display Campaign 242,2024-01-15,2024-02-01,display,16891
M0243,Social Campaign 243,2024-01-01,2024-01-13,social,3885
M0244,Display Campaign 244,2024-01-30,2024-02-13,display,4950
M0245,Email Campaign 245,2024-03-29,2024-04-13,email,8408
M0246,Social Campaign 246,2024-01-16,2024-01-23,social,18100
M0247,Search Campaign 247,2024-02-28,2024-03-09,search,11531
M0248,Social Campaign 248,2024-02-11,2024-02-24,social,15529
M0249,Search Campaign 249,2024-01-08,2024-01-19,search,5012
M0250,Display Campaign 250,2024-03-30,2024-04-16,display,13600
M0251,Social Campaign 251,2024-03-05,2024-03-12,social,15768
M0252,Display Campaign 252,2024-02-15,2024-03-03,display,13162
M0253,Search Campaign 253,2024-01-22,2024-02-09,search,12474
M0254,Search Campaign 254,2024-01-18,2024-01-23,search,5733
M0255,Search Campaign 255,2024-01-31,2024-02-17,search,10045
M0256,Search Campaign 256,2024-03-13,2024-04-01,search,12790
M0257,Display Campaign 257,2024-01-27,2024-02-04,display,10477
M0258,Display Campaign 258,2024-02-16,2024-02-29,display,10964
M0259,Email Campaign 259,2024-03-19,2024-04-04,email,12744
M0260,Email Campaign 260,2024-02-18,2024-02-24,email,9862
M0261,Social Campaign 261,2024-03-31,2024-04-19,social,10265
M0262,Search Campaign 262,2024-01-12,2024-01-31,search,2499
M0263,Search Campaign 263,2024-01-08,2024-01-25,search,12500
M0264,Email Campaign 264,2024-03-06,2024-03-24,email,9962
M0265,Search Campaign 265,2024-02-07,2024-02-12,search,3794
M0266,Social Campaign 266,2024-01-11,2024-01-18,social,7807
M0267,Search Campaign 267,2024-03-04,2024-03-14,search,14855
M0268,Search Campaign 268,2024-02-15,2024-02-23,search,8943
M0269,Search Campaign 269,2024-01-07,2024-01-26,search,17559
M0270,Display Campaign 270,2024-02-05,2024-02-23,display,14582
M0271,Search Campaign 271,2024-02-21,2024-02-29,search,2893
M0272,Display Campaign 272,2024-01-28,2024-02-06,display,10000
M0273,Search Campaign 273,2024-03-07,2024-03-22,search,2041
M0274,Search Campaign 274,2024-02-20,2024-02-25,search,5641
M0275,Display Campaign 275,2024-02-06,2024-02-21,display,19003
M0276,Social Campaign 276,2024-02-20,2024-02-26,social,19987
M0277,Social Campaign 277,2024-03-14,2024-03-23,social,14926
M0278,Display Campaign 278,2024-01-09,2024-01-21,display,4450
M0279,Search Campaign 279,2024-03-25,2024-04-06,search,11730
M0280,Display Campaign 280,2024-02-05,2024-02-22,display,5972
M0281,Email Campaign 281,2024-01-22,2024-02-09,email,17532
M0282,Social Campaign 282,2024-02-27,2024-03-10,social,8541
M0283,Email Campaign 283,2024-03-24,2024-03-31,email,13225
M0284,Search Campaign 284,2024-03-07,2024-03-24,search,17309
M0285,Social Campaign 285,2024-01-03,2024-01-12,social,7122
M0286,Email Campaign 286,2024-02-09,2024-02-17,email,3500
M0287,Display Campaign 287,2024-03-21,2024-04-10,display,5156
M0288,Social Campaign 288,2024-02-03,2024-02-16,social,2740
M0289,Display Campaign 289,2024-02-03,2024-02-09,display,14696
M0290,Search Campaign 290,2024-03-06,2024-03-23,search,10525
M0291,Email Campaign 291,2024-01-23,2024-02-11,email,11222
M0292,Social Campaign 292,2024-01-27,2024-02-08,social,9896
M0293,Email Campaign 293,2024-03-15,2024-04-02,email,14195
M0294,Email Campaign 294,2024-01-09,2024-01-15,email,4220
M0295,Search Campaign 295,2024-01-20,2024-01-29,search,13445
M0296,Social Campaign 296,2024-01-13,2024-01-29,social,10233
M0297,Display Campaign 297,2024-01-19,2024-02-05,display,8051
M0298,Email Campaign 298,2024-03-01,2024-03-15,email,4162
M0299,Social Campaign 299,2024-03-31,2024-04-10,social,12023
M0300,Display Campaign 300,2024-02-13,2024-03-04,display,17475
