product_id,name,category,subcategory,price,brand
P0001,Nike Everyday 1,Accessories,Everyday,116.46,Nike
P0002,Puma Tops 2,Apparel,Tops,152.09,Puma
P0003,Nike Footwear 3,Sports,Footwear,133.47,Nike
P0004,UnderArmour Footwear 4,Sports,Footwear,82.37,UnderArmour
P0005,UnderArmour Tops 5,Apparel,Tops,107.31,UnderArmour
P0006,Reebok Outdoor 6,Accessories,Outdoor,51.73,Reebok
P0007,Adidas Footwear 7,Sports,Footwear,175.28,Adidas
P0008,Reebok Footwear 8,Sports,Footwear,95.73,Reebok
P0009,UnderArmour Outdoor 9,Accessories,Outdoor,50.89,UnderArmour
P0010,Puma Everyday 10,Accessories,Everyday,93.02,Puma
P0011,Puma Footwear 11,Sports,Footwear,28.2,Puma
P0012,UnderArmour Bottoms 12,Apparel,Bottoms,11.23,UnderArmour
P0013,UnderArmour Outdoor 13,Accessories,Outdoor,31.17,UnderArmour
P0014,Puma Everyday 14,Accessories,Everyday,126.72,Puma
P0015,NewBalance Everyday 15,Accessories,Everyday,129.77,NewBalance
P0016,Nike Equipment 16,Sports,Equipment,59.42,Nike
P0017,Puma Footwear 17,Sports,Footwear,103.25,Puma
P0018,UnderArmour Outdoor 18,Accessories,Outdoor,109.69,UnderArmour
P0019,UnderArmour Everyday 19,Accessories,Everyday,106.53,UnderArmour
P0020,Adidas Bottoms 20,Apparel,Bottoms,172.83,Adidas
P0021,UnderArmour Everyday 21,Accessories,Everyday,121.46,UnderArmour
P0022,UnderArmour Footwear 22,Sports,Footwear,130.14,UnderArmour
P0023,Nike Bottoms 23,Apparel,Bottoms,152.18,Nike
P0024,Adidas Everyday 24,Accessories,Everyday,141.24,Adidas
P0025,Nike Footwear 25,Sports,Footwear,128.21,Nike
P0026,NewBalance Everyday 26,Accessories,Everyday,196.23,NewBalance
P0027,Puma Equipment 27,Sports,Equipment,148.24,Puma
P0028,UnderArmour Bottoms 28,Apparel,Bottoms,55.57,UnderArmour
P0029,Puma Tops 29,Apparel,Tops,146.41,Puma
P0030,UnderArmour Everyday 30,Accessories,Everyday,159.79,UnderArmour
P0031,Reebok Equipment 31,Sports,Equipment,78.73,Reebok
P0032,Adidas Outdoor 32,Accessories,Outdoor,88.54,Adidas
P0033,Puma Bottoms 33,Apparel,Bottoms,61.04,Puma
P0034,Adidas Equipment 34,Sports,Equipment,22.9,Adidas
P0035,UnderArmour Bottoms 35,Apparel,Bottoms,42.08,UnderArmour
P0036,Puma Outdoor 36,Accessories,Outdoor,108.33,Puma
P0037,UnderArmour Bottoms 37,Apparel,Bottoms,134.61,UnderArmour
P0038,Puma Outdoor 38,Accessories,Outdoor,34.61,Puma
P0039,UnderArmour Footwear 39,Sports,Footwear,124.29,UnderArmour
P0040,NewBalance Equipment 40,Sports,Equipment,63.99,NewBalance
P0041,Adidas Tops 41,Apparel,Tops,56.78,Adidas
P0042,Reebok Bottoms 42,Apparel,Bottoms,35.83,Reebok
P0043,NewBalance Tops 43,Apparel,Tops,145.1,NewBalance
P0044,NewBalance Tops 44,Apparel,Tops,184.41,NewBalance
P0045,Puma Bottoms 45,Apparel,Bottoms,115.66,Puma
P0046,Reebok Everyday 46,Accessories,Everyday,139.28,Reebok
P0047,NewBalance Bottoms 47,Apparel,Bottoms,158.23,NewBalance
P0048,UnderArmour Footwear 48,Sports,Footwear,39.69,UnderArmour
P0049,NewBalance Footwear 49,Sports,Footwear,43.55,NewBalance
P0050,UnderArmour Tops 50,Apparel,Tops,166.58,UnderArmour
P0051,Reebok Footwear 51,Sports,Footwear,69.59,Reebok
P0052,NewBalance Footwear 52,Sports,Footwear,93.72,NewBalance
P0053,Puma Everyday 53,Accessories,Everyday,78.65,Puma
P0054,Puma Footwear 54,Sports,Footwear,85.35,Puma
P0055,Adidas Bottoms 55,Apparel,Bottoms,34.52,Adidas
P0056,NewBalance Outdoor 56,Accessories,Outdoor,143.51,NewBalance
P0057,Adidas Tops 57,Apparel,Tops,139.83,Adidas
P0058,Nike Everyday 58,Accessories,Everyday,114.43,Nike
P0059,UnderArmour Bottoms 59,Apparel,Bottoms,176.7,UnderArmour
P0060,NewBalance Bottoms 60,Apparel,Bottoms,165.87,NewBalance
P0061,Nike Outdoor 61,Accessories,Outdoor,173.86,Nike
P0062,NewBalance Footwear 62,Sports,Footwear,5.49,NewBalance
P0063,Puma Equipment 63,Sports,Equipment,191.5,Puma
P0064,Nike Bottoms 64,Apparel,Bottoms,102.41,Nike
P0065,Nike Tops 65,Apparel,Tops,17.83,Nike
P0066,Reebok Bottoms 66,Apparel,Bottoms,83.3,Reebok
P0067,UnderArmour Footwear 67,Sports,Footwear,90.75,UnderArmour
P0068,NewBalance Footwear 68,Sports,Footwear,41.61,NewBalance
P0069,Reebok Bottoms 69,Apparel,Bottoms,112.97,Reebok
P0070,Nike Outdoor 70,Accessories,Outdoor,7.32,Nike
P0071,Puma Equipment 71,Sports,Equipment,177.77,Puma
P0072,UnderArmour Footwear 72,Sports,Footwear,155.42,UnderArmour
P0073,UnderArmour Footwear 73,Sports,Footwear,125.32,UnderArmour
P0074,Nike Bottoms 74,Apparel,Bottoms,101.02,Nike
P0075,NewBalance Bottoms 75,Apparel,Bottoms,100.17,NewBalance
P0076,Nike Bottoms 76,Apparel,Bottoms,105.19,Nike
P0077,UnderArmour Equipment 77,Sports,Equipment,99.63,UnderArmour
P0078,Reebok Footwear 78,Sports,Footwear,68.93,Reebok
P0079,Puma Tops 79,Apparel,Tops,93.45,Puma
P0080,Adidas Everyday 80,Accessories,Everyday,64.06,Adidas
P0081,Puma Outdoor 81,Accessories,Outdoor,8.82,Puma
P0082,Puma Equipment 82,Sports,Equipment,169.24,Puma
P0083,UnderArmour Tops 83,Apparel,Tops,150.67,UnderArmour
P0084,NewBalance Everyday 84,Accessories,Everyday,199.86,NewBalance
P0085,UnderArmour Tops 85,Apparel,Tops,71.49,UnderArmour
P0086,Adidas Outdoor 86,Accessories,Outdoor,79.76,Adidas
P0087,NewBalance Footwear 87,Sports,Footwear,194.53,NewBalance
P0088,Nike Equipment 88,Sports,Equipment,136.83,Nike
P0089,Nike Everyday 89,Accessories,Everyday,127.98,Nike
P0090,Puma Tops 90,Apparel,Tops,28.75,Puma
P0091,Reebok Outdoor 91,Accessories,Outdoor,149.63,Reebok
P0092,NewBalance Equipment 92,Sports,Equipment,86.97,NewBalance
P0093,Nike Bottoms 93,Apparel,Bottoms,121.19,Nike
P0094,NewBalance Outdoor 94,Accessories,Outdoor,131.72,NewBalance
P0095,Nike Everyday 95,Accessories,Everyday,81.23,Nike
P0096,Reebok Equipment 96,Sports,Equipment,33.22,Reebok
P0097,Puma Outdoor 97,Accessories,Outdoor,151.26,Puma
P0098,Puma Everyday 98,Accessories,Everyday,87.31,Puma
P0099,NewBalance Outdoor 99,Accessories,Outdoor,62.84,NewBalance
P0100,Puma Outdoor 100,Accessories,Outdoor,38.15,Puma
P0101,NewBalance Tops 101,Apparel,Tops,186.1,NewBalance
P0102,NewBalance Tops 102,Apparel,Tops,185.42,NewBalance
P0103,NewBalance Tops 103,Apparel,Tops,58.63,NewBalance
P0104,Nike Everyday 104,Accessories,Everyday,166.66,Nike
P0105,Nike Bottoms 105,Apparel,Bottoms,72.48,Nike
P0106,Nike Bottoms 106,Apparel,Bottoms,132.41,Nike
P0107,Adidas Tops 107,Apparel,Tops,71.99,Adidas
P0108,Puma Everyday 108,Accessories,Everyday,183.65,Puma
P0109,Adidas Everyday 109,Accessories,Everyday,54.18,Adidas
P0110,Reebok Bottoms 110,Apparel,Bottoms,70.28,Reebok
P0111,Puma Tops 111,Apparel,Tops,12.62,Puma
P0112,Adidas Footwear 112,Sports,Footwear,51.1,Adidas
P0113,Reebok Footwear 113,Sports,Footwear,56.88,Reebok
P0114,Reebok Everyday 114,Accessories,Everyday,102.38,Reebok
P0115,UnderArmour Bottoms 115,Apparel,Bottoms,112.81,UnderArmour
P0116,Nike Tops 116,Apparel,Tops,32.38,Nike
P0117,Reebok Footwear 117,Sports,Footwear,63.5,Reebok
P0118,Nike Outdoor 118,Accessories,Outdoor,162.26,Nike
P0119,UnderArmour Footwear 119,Sports,Footwear,31.96,UnderArmour
P0120,Reebok Footwear 120,Sports,Footwear,26.64,Reebok
P0121,NewBalance Tops 121,Apparel,Tops,175.5,NewBalance
P0122,UnderArmour Everyday 122,Accessories,Everyday,183.74,UnderArmour
P0123,Reebok Tops 123,Apparel,Tops,68.28,Reebok
P0124,UnderArmour Footwear 124,Sports,Footwear,189.33,UnderArmour
P0125,Adidas Everyday 125,Accessories,Everyday,19.32,Adidas
P0126,Puma Equipment 126,Sports,Equipment,153.13,Puma
P0127,NewBalance Everyday 127,Accessories,Everyday,128.71,NewBalance
P0128,Reebok Outdoor 128,Accessories,Outdoor,75.03,Reebok
P0129,Reebok Outdoor 129,Accessories,Outdoor,186.99,Reebok
P0130,Reebok Footwear 130,Sports,Footwear,181.31,Reebok
P0131,Reebok Tops 131,Apparel,Tops,40.4,Reebok
P0132,UnderArmour Outdoor 132,Accessories,Outdoor,181.42,UnderArmour
P0133,Reebok Tops 133,Apparel,Tops,164.21,Reebok
P0134,Adidas Bottoms 134,Apparel,Bottoms,122.07,Adidas
P0135,UnderArmour Bottoms 135,Apparel,Bottoms,78.58,UnderArmour
P0136,Reebok Footwear 136,Sports,Footwear,128.03,Reebok
P0137,Puma Outdoor 137,Accessories,Outdoor,79.36,Puma
P0138,Reebok Tops 138,Apparel,Tops,157.38,Reebok
P0139,Nike Everyday 139,Accessories,Everyday,194.4,Nike
P0140,Adidas Outdoor 140,Accessories,Outdoor,179.35,Adidas
P0141,Puma Everyday 141,Accessories,Everyday,7.3,Puma
P0142,Nike Everyday 142,Accessories,Everyday,172.95,Nike
P0143,Adidas Footwear 143,Sports,Footwear,5.25,Adidas
P0144,Puma Everyday 144,Accessories,Everyday,144.06,Puma
P0145,Adidas Equipment 145,Sports,Equipment,115.67,Adidas
P0146,Nike Tops 146,Apparel,Tops,199.5,Nike
P0147,Puma Everyday 147,Accessories,Everyday,196.1,Puma
P0148,Puma Bottoms 148,Apparel,Bottoms,139.3,Puma
P0149,Nike Everyday 149,Accessories,Everyday,166.46,Nike
P0150,Adidas Tops 150,Apparel,Tops,21.52,Adidas
P0151,Puma Footwear 151,Sports,Footwear,153.23,Puma
P0152,Adidas Bottoms 152,Apparel,Bottoms,63.93,Adidas
P0153,Reebok Outdoor 153,Accessories,Outdoor,8.73,Reebok
P0154,NewBalance Outdoor 154,Accessories,Outdoor,64.08,NewBalance
P0155,NewBalance Outdoor 155,Accessories,Outdoor,184.19,NewBalance
P0156,Puma Outdoor 156,Accessories,Outdoor,113.0,Puma
P0157,UnderArmour Tops 157,Apparel,Tops,188.63,UnderArmour
P0158,UnderArmour Tops 158,Apparel,Tops,9.95,UnderArmour
P0159,Puma Footwear 159,Sports,Footwear,159.57,Puma
P0160,Reebok Tops 160,Apparel,Tops,88.64,Reebok
P0161,Reebok Tops 161,Apparel,Tops,122.51,Reebok
P0162,Nike Equipment 162,Sports,Equipment,71.85,Nike
P0163,UnderArmour Bottoms 163,Apparel,Bottoms,62.1,UnderArmour
P0164,Nike Bottoms 164,Apparel,Bottoms,106.23,Nike
P0165,Nike Equipment 165,Sports,Equipment,163.74,Nike
P0166,Puma Outdoor 166,Accessories,Outdoor,132.3,Puma
P0167,UnderArmour Equipment 167,Sports,Equipment,8.15,UnderArmour
P0168,NewBalance Everyday 168,Accessories,Everyday,25.41,NewBalance
P0169,Adidas Equipment 169,Sports,Equipment,159.74,Adidas
P0170,Reebok Bottoms 170,Apparel,Bottoms,115.96,Reebok
P0171,UnderArmour Footwear 171,Sports,Footwear,87.35,UnderArmour
P0172,Puma Footwear 172,Sports,Footwear,33.44,Puma
P0173,Nike Bottoms 173,Apparel,Bottoms,71.52,Nike
P0174,UnderArmour Outdoor 174,Accessories,Outdoor,100.15,UnderArmour
P0175,Nike Outdoor 175,Accessories,Outdoor,174.72,Nike
P0176,Puma Equipment 176,Sports,Equipment,23.85,Puma
P0177,Reebok Tops 177,Apparel,Tops,33.18,Reebok
P0178,Nike Footwear 178,Sports,Footwear,109.35,Nike
P0179,Reebok Equipment 179,Sports,Equipment,176.44,Reebok
P0180,Adidas Footwear 180,Sports,Footwear,31.48,Adidas
P0181,Puma Tops 181,Apparel,Tops,63.72,Puma
P0182,Reebok Bottoms 182,Apparel,Bottoms,14.87,Reebok
P0183,Nike Bottoms 183,Apparel,Bottoms,63.38,Nike
P0184,Puma Bottoms 184,Apparel,Bottoms,168.75,Puma
P0185,UnderArmour Equipment 185,Sports,Equipment,174.8,UnderArmour
P0186,UnderArmour Everyday 186,Accessories,Everyday,37.53,UnderArmour
P0187,Puma Outdoor 187,Accessories,Outdoor,89.75,Puma
P0188,Puma Outdoor 188,Accessories,Outdoor,102.24,Puma
P0189,UnderArmour Bottoms 189,Apparel,Bottoms,22.12,UnderArmour
P0190,Puma Bottoms 190,Apparel,Bottoms,41.82,Puma
P0191,NewBalance Footwear 191,Sports,Footwear,58.45,NewBalance
P0192,Puma Footwear 192,Sports,Footwear,14.74,Puma
P0193,Adidas Bottoms 193,Apparel,Bottoms,186.64,Adidas
P0194,Puma Outdoor 194,Accessories,Outdoor,51.4,Puma
P0195,NewBalance Outdoor 195,Accessories,Outdoor,137.78,NewBalance
P0196,Adidas Equipment 196,Sports,Equipment,172.31,Adidas
P0197,NewBalance Footwear 197,Sports,Footwear,45.2,NewBalance
P0198,UnderArmour Tops 198,Apparel,Tops,97.16,UnderArmour
P0199,Reebok Tops 199,Apparel,Tops,99.64,Reebok
P0200,Reebok Tops 200,Apparel,Tops,43.04,Reebok
P0201,Nike Equipment 201,Sports,Equipment,147.34,Nike
P0202,Adidas Outdoor 202,Accessories,Outdoor,63.06,Adidas
P0203,NewBalance Everyday 203,Accessories,Everyday,117.15,NewBalance
P0204,UnderArmour Everyday 204,Accessories,Everyday,106.09,UnderArmour
P0205,Puma Outdoor 205,Accessories,Outdoor,132.39,Puma
P0206,Adidas Everyday 206,Accessories,Everyday,197.55,Adidas
P0207,Puma Everyday 207,Accessories,Everyday,155.96,Puma
P0208,Nike Outdoor 208,Accessories,Outdoor,24.55,Nike
P0209,Adidas Everyday 209,Accessories,Everyday,10.62,Adidas
P0210,NewBalance Equipment 210,Sports,Equipment,181.32,NewBalance
P0211,Adidas Bottoms 211,Apparel,Bottoms,120.4,Adidas
P0212,Adidas Equipment 212,Sports,Equipment,69.25,Adidas
P0213,Adidas Footwear 213,Sports,Footwear,186.61,Adidas
P0214,Nike Everyday 214,Accessories,Everyday,144.37,Nike
P0215,Adidas Outdoor 215,Accessories,Outdoor,45.53,Adidas
P0216,Reebok Equipment 216,Sports,Equipment,153.33,Reebok
P0217,Puma Everyday 217,Accessories,Everyday,64.4,Puma
P0218,NewBalance Bottoms 218,Apparel,Bottoms,94.02,NewBalance
P0219,NewBalance Tops 219,Apparel,Tops,44.72,NewBalance
P0220,Nike Tops 220,Apparel,Tops,128.32,Nike
P0221,Puma Equipment 221,Sports,Equipment,146.3,Puma
P0222,Puma Everyday 222,Accessories,Everyday,72.45,Puma
P0223,Puma Everyday 223,Accessories,Everyday,128.57,Puma
P0224,NewBalance Tops 224,Apparel,Tops,112.82,NewBalance
P0225,Adidas Everyday 225,Accessories,Everyday,33.17,Adidas
P0226,Puma Tops 226,Apparel,Tops,40.01,Puma
P0227,Reebok Everyday 227,Accessories,Everyday,20.73,Reebok
P0228,UnderArmour Tops 228,Apparel,Tops,176.3,UnderArmour
P0229,Adidas Everyday 229,Accessories,Everyday,52.33,Adidas
P0230,Nike Equipment 230,Sports,Equipment,187.2,Nike
P0231,Adidas Bottoms 231,Apparel,Bottoms,39.04,Adidas
P0232,Puma Everyday 232,Accessories,Everyday,46.23,Puma
P0233,Adidas Bottoms 233,Apparel,Bottoms,72.84,Adidas
P0234,Adidas Equipment 234,Sports,Equipment,32.72,Adidas
P0235,NewBalance Footwear 235,Sports,Footwear,99.42,NewBalance
P0236,Reebok Equipment 236,Sports,Equipment,26.56,Reebok
P0237,Puma Equipment 237,Sports,Equipment,153.71,Puma
P0238,Adidas Footwear 238,Sports,Footwear,52.18,Adidas
P0239,Nike Equipment 239,Sports,Equipment,7.17,Nike
P0240,Puma Outdoor 240,Accessories,Outdoor,97.9,Puma
P0241,NewBalance Everyday 241,Accessories,Everyday,121.12,NewBalance
P0242,NewBalance Everyday 242,Accessories,Everyday,165.5,NewBalance
P0243,Adidas Footwear 243,Sports,Footwear,24.64,Adidas
P0244,Nike Footwear 244,Sports,Footwear,103.77,Nike
P0245,Reebok Tops 245,Apparel,Tops,72.3,Reebok
P0246,Reebok Equipment 246,Sports,Equipment,117.8,Reebok
P0247,Puma Tops 247,Apparel,Tops,32.41,Puma
P0248,UnderArmour Bottoms 248,Apparel,Bottoms,97.04,UnderArmour
P0249,Puma Outdoor 249,Accessories,Outdoor,195.95,Puma
P0250,Puma Outdoor 250,Accessories,Outdoor,150.54,Puma
P0251,Adidas Outdoor 251,Accessories,Outdoor,116.14,Adidas
P0252,Nike Equipment 252,Sports,Equipment,41.77,Nike
P0253,Adidas Tops 253,Apparel,Tops,64.09,Adidas
P0254,Adidas Tops 254,Apparel,Tops,199.43,Adidas
P0255,Reebok Everyday 255,Accessories,Everyday,112.55,Reebok
P0256,NewBalance Everyday 256,Accessories,Everyday,114.45,NewBalance
P0257,Reebok Footwear 257,Sports,Footwear,12.98,Reebok
P0258,Reebok Equipment 258,Sports,Equipment,166.85,Reebok
P0259,UnderArmour Bottoms 259,Apparel,Bottoms,37.65,UnderArmour
P0260,Reebok Everyday 260,Accessories,Everyday,136.54,Reebok
P0261,Reebok Footwear 261,Sports,Footwear,130.95,Reebok
P0262,Adidas Footwear 262,Sports,Footwear,194.92,Adidas
P0263,Nike Tops 263,Apparel,Tops,64.07,Nike
P0264,Nike Footwear 264,Sports,Footwear,127.99,Nike
P0265,NewBalance Outdoor 265,Accessories,Outdoor,147.72,NewBalance
P0266,Nike Tops 266,Apparel,Tops,31.63,Nike
P0267,Nike Equipment 267,Sports,Equipment,45.3,Nike
P0268,Adidas Everyday 268,Accessories,Everyday,108.22,Adidas
P0269,Adidas Equipment 269,Sports,Equipment,49.06,Adidas
P0270,Reebok Bottoms 270,Apparel,Bottoms,190.89,Reebok
P0271,UnderArmour Tops 271,Apparel,Tops,81.68,UnderArmour
P0272,Reebok Footwear 272,Sports,Footwear,150.3,Reebok
P0273,Adidas Equipment 273,Sports,Equipment,111.74,Adidas
P0274,UnderArmour Footwear 274,Sports,Footwear,17.43,UnderArmour
P0275,NewBalance Everyday 275,Accessories,Everyday,134.15,NewBalance
P0276,NewBalance Outdoor 276,Accessories,Outdoor,48.36,NewBalance
P0277,Nike Outdoor 277,Accessories,Outdoor,159.68,Nike
P0278,UnderArmour Outdoor 278,Accessories,Outdoor,122.28,UnderArmour
P0279,UnderArmour Footwear 279,Sports,Footwear,19.08,UnderArmour
P0280,NewBalance Footwear 280,Sports,Footwear,73.05,NewBalance
P0281,Puma Footwear 281,Sports,Footwear,105.19,Puma
P0282,UnderArmour Outdoor 282,Accessories,Outdoor,70.7,UnderArmour
P0283,Puma Outdoor 283,Accessories,Outdoor,34.82,Puma
P0284,NewBalance Everyday 284,Accessories,Everyday,47.03,NewBalance
P0285,Nike Bottoms 285,Apparel,Bottoms,31.54,Nike
P0286,Reebok Equipment 286,Sports,Equipment,41.89,Reebok
P0287,Puma Tops 287,Apparel,Tops,192.12,Puma
P0288,UnderArmour Outdoor 288,Accessories,Outdoor,13.24,UnderArmour
P0289,NewBalance Tops 289,Apparel,Tops,7.38,NewBalance
P0290,Puma Everyday 290,Accessories,Everyday,10.44,Puma
P0291,Adidas Tops 291,Apparel,Tops,157.36,Adidas
P0292,Puma Footwear 292,Sports,Footwear,86.41,Puma
P0293,Adidas Outdoor 293,Accessories,Outdoor,105.87,Adidas
P0294,UnderArmour Everyday 294,Accessories,Everyday,196.82,UnderArmour
P0295,NewBalance Bottoms 295,Apparel,Bottoms,142.66,NewBalance
P0296,NewBalance Bottoms 296,Apparel,Bottoms,52.21,NewBalance
P0297,Puma Bottoms 297,Apparel,Bottoms,148.28,Puma
P0298,UnderArmour Tops 298,Apparel,Tops,193.19,UnderArmour
P0299,Nike Tops 299,Apparel,Tops,49.7,Nike
P0300,Nike Equipment 300,Sports,Equipment,63.23,Nike
P0301,Nike Outdoor 301,Accessories,Outdoor,86.74,Nike
P0302,UnderArmour Equipment 302,Sports,Equipment,103.98,UnderArmour
P0303,NewBalance Outdoor 303,Accessories,Outdoor,85.21,NewBalance
P0304,UnderArmour Equipment 304,Sports,Equipment,112.39,UnderArmour
P0305,UnderArmour Tops 305,Apparel,Tops,120.82,UnderArmour
P0306,NewBalance Tops 306,Apparel,Tops,166.69,NewBalance
P0307,Adidas Tops 307,Apparel,Tops,100.81,Adidas
P0308,Puma Tops 308,Apparel,Tops,48.24,Puma
P0309,NewBalance Bottoms 309,Apparel,Bottoms,114.8,NewBalance
P0310,Puma Footwear 310,Sports,Footwear,159.96,Puma
P0311,Puma Everyday 311,Accessories,Everyday,147.93,Puma
P0312,Puma Everyday 312,Accessories,Everyday,107.47,Puma
P0313,UnderArmour Footwear 313,Sports,Footwear,100.8,UnderArmour
P0314,Puma Tops 314,Apparel,Tops,104.65,Puma
P0315,Reebok Equipment 315,Sports,Equipment,142.86,Reebok
P0316,Puma Footwear 316,Sports,Footwear,53.12,Puma
P0317,NewBalance Outdoor 317,Accessories,Outdoor,17.29,NewBalance
P0318,Puma Tops 318,Apparel,Tops,19.15,Puma
P0319,Nike Bottoms 319,Apparel,Bottoms,78.93,Nike
P0320,UnderArmour Bottoms 320,Apparel,Bottoms,16.92,UnderArmour
P0321,Reebok Outdoor 321,Accessories,Outdoor,29.23,Reebok
P0322,Nike Bottoms 322,Apparel,Bottoms,146.38,Nike
P0323,Nike Bottoms 323,Apparel,Bottoms,146.26,Nike
P0324,Nike Everyday 324,Accessories,Everyday,171.55,Nike
P0325,NewBalance Footwear 325,Sports,Footwear,75.43,NewBalance
P0326,NewBalance Outdoor 326,Accessories,Outdoor,37.45,NewBalance
P0327,UnderArmour Outdoor 327,Accessories,Outdoor,26.09,UnderArmour
P0328,Adidas Everyday 328,Accessories,Everyday,147.16,Adidas
P0329,Reebok Equipment 329,Sports,Equipment,127.59,Reebok
P0330,NewBalance Everyday 330,Accessories,Everyday,181.32,NewBalance
P0331,Reebok Equipment 331,Sports,Equipment,123.61,Reebok
P0332,Adidas Equipment 332,Sports,Equipment,166.62,Adidas
P0333,Adidas Footwear 333,Sports,Footwear,166.02,Adidas
P0334,NewBalance Footwear 334,Sports,Footwear,56.63,NewBalance
P0335,Reebok Tops 335,Apparel,Tops,77.78,Reebok
P0336,Nike Equipment 336,Sports,Equipment,120.6,Nike
P0337,Adidas Equipment 337,Sports,Equipment,6.54,Adidas
P0338,Nike Outdoor 338,Accessories,Outdoor,198.76,Nike
P0339,UnderArmour Tops 339,Apparel,Tops,191.51,UnderArmour
P0340,Puma Outdoor 340,Accessories,Outdoor,11.25,Puma
P0341,Nike Bottoms 341,Apparel,Bottoms,135.95,Nike
P0342,NewBalance Tops 342,Apparel,Tops,163.94,NewBalance
P0343,Puma Everyday 343,Accessories,Everyday,52.49,Puma
P0344,Adidas Bottoms 344,Apparel,Bottoms,134.41,Adidas
P0345,Reebok Outdoor 345,Accessories,Outdoor,20.72,Reebok
P0346,Adidas Footwear 346,Sports,Footwear,94.66,Adidas
P0347,Puma Everyday 347,Accessories,Everyday,20.91,Puma
P0348,Reebok Footwear 348,Sports,Footwear,19.38,Reebok
P0349,Reebok Bottoms 349,Apparel,Bottoms,139.23,Reebok
P0350,NewBalance Tops 350,Apparel,Tops,71.57,NewBalance
P0351,Nike Everyday 351,Accessories,Everyday,165.96,Nike
P0352,UnderArmour Equipment 352,Sports,Equipment,170.46,UnderArmour
P0353,Adidas Outdoor 353,Accessories,Outdoor,40.6,Adidas
P0354,NewBalance Footwear 354,Sports,Footwear,136.49,NewBalance
P0355,Reebok Footwear 355,Sports,Footwear,165.97,Reebok
P0356,Adidas Bottoms 356,Apparel,Bottoms,161.24,Adidas
P0357,UnderArmour Bottoms 357,Apparel,Bottoms,89.23,UnderArmour
P0358,NewBalance Tops 358,Apparel,Tops,15.96,NewBalance
P0359,UnderArmour Bottoms 359,Apparel,Bottoms,175.7,UnderArmour
P0360,Adidas Equipment 360,Sports,Equipment,139.86,Adidas
P0361,Puma Outdoor 361,Accessories,Outdoor,62.01,Puma
P0362,Nike Everyday 362,Accessories,Everyday,31.37,Nike
P0363,Reebok Equipment 363,Sports,Equipment,153.2,Reebok
P0364,Reebok Bottoms 364,Apparel,Bottoms,129.33,Reebok
P0365,Adidas Tops 365,Apparel,Tops,121.36,Adidas
P0366,NewBalance Outdoor 366,Accessories,Outdoor,146.42,NewBalance
P0367,Nike Equipment 367,Sports,Equipment,21.57,Nike
P0368,UnderArmour Bottoms 368,Apparel,Bottoms,113.77,UnderArmour
P0369,Adidas Equipment 369,Sports,Equipment,164.14,Adidas
P0370,Adidas Equipment 370,Sports,Equipment,35.38,Adidas
P0371,Adidas Bottoms 371,Apparel,Bottoms,193.11,Adidas
P0372,Adidas Bottoms 372,Apparel,Bottoms,28.71,Adidas
P0373,Reebok Footwear 373,Sports,Footwear,179.93,Reebok
P0374,NewBalance Outdoor 374,Accessories,Outdoor,24.01,NewBalance
P0375,Reebok Outdoor 375,Accessories,Outdoor,129.95,Reebok
P0376,NewBalance Tops 376,Apparel,Tops,169.9,NewBalance
P0377,Reebok Tops 377,Apparel,Tops,85.94,Reebok
P0378,Puma Tops 378,Apparel,Tops,91.21,Puma
P0379,Puma Tops 379,Apparel,Tops,79.99,Puma
P0380,Puma Tops 380,Apparel,Tops,126.35,Puma
P0381,Puma Bottoms 381,Apparel,Bottoms,96.2,Puma
P0382,Puma Everyday 382,Accessories,Everyday,24.6,Puma
P0383,NewBalance Bottoms 383,Apparel,Bottoms,79.43,NewBalance
P0384,Nike Everyday 384,Accessories,Everyday,97.69,Nike
P0385,Puma Everyday 385,Accessories,Everyday,6.74,Puma
P0386,UnderArmour Tops 386,Apparel,Tops,87.61,UnderArmour
P0387,UnderArmour Outdoor 387,Accessories,Outdoor,134.86,UnderArmour
P0388,Reebok Bottoms 388,Apparel,Bottoms,132.97,Reebok
P0389,Puma Bottoms 389,Apparel,Bottoms,21.4,Puma
P0390,Nike Tops 390,Apparel,Tops,39.71,Nike
P0391,NewBalance Bottoms 391,Apparel,Bottoms,63.03,NewBalance
P0392,Adidas Everyday 392,Accessories,Everyday,177.69,Adidas
P0393,Nike Footwear 393,Sports,Footwear,13.55,Nike
P0394,Adidas Footwear 394,Sports,Footwear,142.58,Adidas
P0395,NewBalance Outdoor 395,Accessories,Outdoor,23.07,NewBalance
P0396,Adidas Tops 396,Apparel,Tops,121.74,Adidas
P0397,NewBalance Bottoms 397,Apparel,Bottoms,87.8,NewBalance
P0398,Nike Equipment 398,Sports,Equipment,59.34,Nike
P0399,Adidas Outdoor 399,Accessories,Outdoor,165.67,Adidas
P0400,Adidas Bottoms 400,Apparel,Bottoms,92.16,Adidas
P0401,Nike Equipment 401,Sports,Equipment,146.13,Nike
P0402,Nike Outdoor 402,Accessories,Outdoor,148.01,Nike
P0403,Puma Footwear 403,Sports,Footwear,108.19,Puma
P0404,Puma Equipment 404,Sports,Equipment,184.79,Puma
P0405,Adidas Tops 405,Apparel,Tops,29.46,Adidas
P0406,Adidas Everyday 406,Accessories,Everyday,125.25,Adidas
P0407,NewBalance Everyday 407,Accessories,Everyday,155.99,NewBalance
P0408,Puma Outdoor 408,Accessories,Outdoor,141.8,Puma
P0409,NewBalance Outdoor 409,Accessories,Outdoor,26.49,NewBalance
P0410,NewBalance Everyday 410,Accessories,Everyday,126.64,NewBalance
P0411,NewBalance Outdoor 411,Accessories,Outdoor,83.46,NewBalance
P0412,UnderArmour Outdoor 412,Accessories,Outdoor,188.27,UnderArmour
P0413,UnderArmour Equipment 413,Sports,Equipment,131.95,UnderArmour
P0414,Nike Footwear 414,Sports,Footwear,18.09,Nike
P0415,Adidas Everyday 415,Accessories,Everyday,94.98,Adidas
P0416,NewBalance Equipment 416,Sports,Equipment,90.57,NewBalance
P0417,Adidas Bottoms 417,Apparel,Bottoms,7.18,Adidas
P0418,Reebok Tops 418,Apparel,Tops,109.14,Reebok
P0419,Reebok Equipment 419,Sports,Equipment,41.17,Reebok
P0420,Reebok Equipment 420,Sports,Equipment,111.82,Reebok
P0421,Reebok Everyday 421,Accessories,Everyday,85.12,Reebok
P0422,UnderArmour Footwear 422,Sports,Footwear,50.24,UnderArmour
P0423,Adidas Outdoor 423,Accessories,Outdoor,87.4,Adidas
P0424,Nike Tops 424,Apparel,Tops,111.63,Nike
P0425,NewBalance Everyday 425,Accessories,Everyday,132.28,NewBalance
P0426,UnderArmour Footwear 426,Sports,Footwear,68.06,UnderArmour
P0427,Adidas Everyday 427,Accessories,Everyday,37.49,Adidas
P0428,Nike Tops 428,Apparel,Tops,48.24,Nike
P0429,Nike Bottoms 429,Apparel,Bottoms,57.48,Nike
P0430,Reebok Tops 430,Apparel,Tops,126.82,Reebok
P0431,Adidas Footwear 431,Sports,Footwear,171.0,Adidas
P0432,UnderArmour Outdoor 432,Accessories,Outdoor,182.55,UnderArmour
P0433,UnderArmour Bottoms 433,Apparel,Bottoms,47.28,UnderArmour
P0434,Reebok Tops 434,Apparel,Tops,71.75,Reebok
P0435,Adidas Equipment 435,Sports,Equipment,165.34,Adidas
P0436,Nike Footwear 436,Sports,Footwear,141.15,Nike
P0437,Nike Equipment 437,Sports,Equipment,180.45,Nike
P0438,Puma Bottoms 438,Apparel,Bottoms,186.25,Puma
P0439,Nike Bottoms 439,Apparel,Bottoms,108.17,Nike
P0440,UnderArmour Everyday 440,Accessories,Everyday,189.4,UnderArmour
P0441,Reebok Everyday 441,Accessories,Everyday,76.57,Reebok
P0442,Nike Footwear 442,Sports,Footwear,159.61,Nike
P0443,Reebok Bottoms 443,Apparel,Bottoms,21.86,Reebok
P0444,Nike Footwear 444,Sports,Footwear,192.14,Nike
P0445,Reebok Footwear 445,Sports,Footwear,78.52,Reebok
P0446,Reebok Equipment 446,Sports,Equipment,112.73,Reebok
P0447,Puma Bottoms 447,Apparel,Bottoms,99.6,Puma
P0448,Nike Everyday 448,Accessories,Everyday,68.65,Nike
P0449,Puma Tops 449,Apparel,Tops,36.45,Puma
P0450,Adidas Bottoms 450,Apparel,Bottoms,52.6,Adidas
P0451,Adidas Everyday 451,Accessories,Everyday,92.12,Adidas
P0452,Adidas Footwear 452,Sports,Footwear,182.78,Adidas
P0453,Nike Tops 453,Apparel,Tops,177.63,Nike
P0454,UnderArmour Outdoor 454,Accessories,Outdoor,106.93,UnderArmour
P0455,Nike Everyday 455,Accessories,Everyday,93.56,Nike
P0456,NewBalance Tops 456,Apparel,Tops,183.72,NewBalance
P0457,NewBalance Everyday 457,Accessories,Everyday,10.77,NewBalance
P0458,Adidas Everyday 458,Accessories,Everyday,67.07,Adidas
P0459,Nike Footwear 459,Sports,Footwear,133.75,Nike
P0460,Adidas Tops 460,Apparel,Tops,146.26,Adidas
P0461,Puma Tops 461,Apparel,Tops,148.01,Puma
P0462,Adidas Footwear 462,Sports,Footwear,32.61,Adidas
P0463,NewBalance Outdoor 463,Accessories,Outdoor,57.31,NewBalance
P0464,Adidas Tops 464,Apparel,Tops,67.39,Adidas
P0465,Adidas Everyday 465,Accessories,Everyday,128.23,Adidas
P0466,Adidas Outdoor 466,Accessories,Outdoor,159.18,Adidas
P0467,UnderArmour Everyday 467,Accessories,Everyday,67.32,UnderArmour
P0468,Adidas Footwear 468,Sports,Footwear,157.58,Adidas
P0469,Adidas Everyday 469,Accessories,Everyday,191.03,Adidas
P0470,Adidas Equipment 470,Sports,Equipment,166.34,Adidas
P0471,NewBalance Footwear 471,Sports,Footwear,94.73,NewBalance
P0472,Adidas Equipment 472,Sports,Equipment,118.35,Adidas
P0473,Nike Everyday 473,Accessories,Everyday,128.86,Nike
P0474,UnderArmour Everyday 474,Accessories,Everyday,73.42,UnderArmour
P0475,UnderArmour Bottoms 475,Apparel,Bottoms,143.37,UnderArmour
P0476,NewBalance Everyday 476,Accessories,Everyday,144.24,NewBalance
P0477,Nike Tops 477,Apparel,Tops,114.11,Nike
P0478,UnderArmour Everyday 478,Accessories,Everyday,180.01,UnderArmour
P0479,UnderArmour Footwear 479,Sports,Footwear,188.49,UnderArmour
P0480,NewBalance Outdoor 480,Accessories,Outdoor,196.05,NewBalance
P0481,Nike Footwear 481,Sports,Footwear,81.97,Nike
P0482,Nike Tops 482,Apparel,Tops,54.3,Nike
P0483,Reebok Equipment 483,Sports,Equipment,121.25,Reebok
P0484,Nike Outdoor 484,Accessories,Outdoor,95.25,Nike
P0485,UnderArmour Tops 485,Apparel,Tops,44.17,UnderArmour
P0486,Adidas Everyday 486,Accessories,Everyday,20.73,Adidas
P0487,Adidas Everyday 487,Accessories,Everyday,46.62,Adidas
P0488,NewBalance Bottoms 488,Apparel,Bottoms,91.48,NewBalance
P0489,NewBalance Bottoms 489,Apparel,Bottoms,79.73,NewBalance
P0490,Reebok Everyday 490,Accessories,Everyday,133.44,Reebok
P0491,Nike Footwear 491,Sports,Footwear,190.82,Nike
P0492,NewBalance Equipment 492,Sports,Equipment,36.48,NewBalance
P0493,Reebok Bottoms 493,Apparel,Bottoms,170.74,Reebok
P0494,UnderArmour Tops 494,Apparel,Tops,38.78,UnderArmour
P0495,Puma Bottoms 495,Apparel,Bottoms,34.57,Puma
P0496,Puma Outdoor 496,Accessories,Outdoor,153.42,Puma
P0497,Nike Footwear 497,Sports,Footwear,52.33,Nike
P0498,Nike Footwear 498,Sports,Footwear,106.41,Nike
P0499,Adidas Outdoor 499,Accessories,Outdoor,46.06,Adidas
P0500,Reebok Tops 500,Apparel,Tops,56.48,Reebok
P0501,NewBalance Tops 501,Apparel,Tops,138.25,NewBalance
P0502,Adidas Footwear 502,Sports,Footwear,53.72,Adidas
P0503,Nike Outdoor 503,Accessories,Outdoor,174.46,Nike
P0504,Adidas Tops 504,Apparel,Tops,126.23,Adidas
P0505,Puma Bottoms 505,Apparel,Bottoms,111.25,Puma
P0506,Adidas Bottoms 506,Apparel,Bottoms,70.73,Adidas
P0507,Nike Outdoor 507,Accessories,Outdoor,84.67,Nike
P0508,Puma Tops 508,Apparel,Tops,77.08,Puma
P0509,Reebok Equipment 509,Sports,Equipment,26.66,Reebok
P0510,NewBalance Tops 510,Apparel,Tops,142.3,NewBalance
P0511,UnderArmour Equipment 511,Sports,Equipment,182.08,UnderArmour
P0512,NewBalance Tops 512,Apparel,Tops,71.67,NewBalance
P0513,UnderArmour Tops 513,Apparel,Tops,62.31,UnderArmour
P0514,Puma Everyday 514,Accessories,Everyday,115.61,Puma
P0515,UnderArmour Outdoor 515,Accessories,Outdoor,164.7,UnderArmour
P0516,NewBalance Bottoms 516,Apparel,Bottoms,184.37,NewBalance
P0517,Adidas Everyday 517,Accessories,Everyday,108.55,Adidas
P0518,UnderArmour Bottoms 518,Apparel,Bottoms,68.86,UnderArmour
P0519,NewBalance Outdoor 519,Accessories,Outdoor,109.88,NewBalance
P0520,UnderArmour Equipment 520,Sports,Equipment,145.36,UnderArmour
P0521,Nike Equipment 521,Sports,Equipment,12.6,Nike
P0522,Adidas Everyday 522,Accessories,Everyday,120.9,Adidas
P0523,UnderArmour Footwear 523,Sports,Footwear,193.51,UnderArmour
P0524,Puma Footwear 524,Sports,Footwear,167.63,Puma
P0525,Puma Equipment 525,Sports,Equipment,174.82,Puma
P0526,UnderArmour Outdoor 526,Accessories,Outdoor,99.9,UnderArmour
P0527,UnderArmour Everyday 527,Accessories,Everyday,155.83,UnderArmour
P0528,Puma Footwear 528,Sports,Footwear,7.72,Puma
P0529,UnderArmour Equipment 529,Sports,Equipment,16.57,UnderArmour
P0530,Reebok Footwear 530,Sports,Footwear,22.95,Reebok
P0531,NewBalance Tops 531,Apparel,Tops,189.37,NewBalance
P0532,UnderArmour Bottoms 532,Apparel,Bottoms,163.12,UnderArmour
P0533,Nike Outdoor 533,Accessories,Outdoor,175.14,Nike
P0534,UnderArmour Bottoms 534,Apparel,Bottoms,76.82,UnderArmour
P0535,Puma Outdoor 535,Accessories,Outdoor,149.28,Puma
P0536,Reebok Everyday 536,Accessories,Everyday,19.45,Reebok
P0537,Adidas Equipment 537,Sports,Equipment,45.83,Adidas
P0538,UnderArmour Everyday 538,Accessories,Everyday,195.59,UnderArmour
P0539,Puma Footwear 539,Sports,Footwear,16.85,Puma
P0540,Nike Everyday 540,Accessories,Everyday,19.5,Nike
P0541,NewBalance Equipment 541,Sports,Equipment,43.99,NewBalance
P0542,NewBalance Footwear 542,Sports,Footwear,190.83,NewBalance
P0543,Adidas Everyday 543,Accessories,Everyday,11.54,Adidas
P0544,Adidas Bottoms 544,Apparel,Bottoms,149.53,Adidas
P0545,Nike Equipment 545,Sports,Equipment,121.63,Nike
P0546,Reebok Footwear 546,Sports,Footwear,91.12,Reebok
P0547,Reebok Bottoms 547,Apparel,Bottoms,100.06,Reebok
P0548,Nike Everyday 548,Accessories,Everyday,183.8,Nike
P0549,Adidas Equipment 549,Sports,Equipment,96.6,Adidas
P0550,Adidas Footwear 550,Sports,Footwear,26.25,Adidas
P0551,Reebok Everyday 551,Accessories,Everyday,18.44,Reebok
P0552,Reebok Outdoor 552,Accessories,Outdoor,170.13,Reebok
P0553,Adidas Outdoor 553,Accessories,Outdoor,184.97,Adidas
P0554,Adidas Outdoor 554,Accessories,Outdoor,83.79,Adidas
P0555,Puma Equipment 555,Sports,Equipment,188.44,Puma
P0556,Reebok Footwear 556,Sports,Footwear,64.92,Reebok
P0557,NewBalance Equipment 557,Sports,Equipment,161.28,NewBalance
P0558,NewBalance Outdoor 558,Accessories,Outdoor,97.29,NewBalance
P0559,Adidas Outdoor 559,Accessories,Outdoor,52.36,Adidas
P0560,NewBalance Everyday 560,Accessories,Everyday,174.26,NewBalance
P0561,Adidas Equipment 561,Sports,Equipment,24.34,Adidas
P0562,Puma Equipment 562,Sports,Equipment,26.54,Puma
P0563,Reebok Tops 563,Apparel,Tops,115.52,Reebok
P0564,UnderArmour Equipment 564,Sports,Equipment,112.39,UnderArmour
P0565,Reebok Footwear 565,Sports,Footwear,150.27,Reebok
P0566,Reebok Tops 566,Apparel,Tops,108.6,Reebok
P0567,Reebok Bottoms 567,Apparel,Bottoms,57.19,Reebok
P0568,Reebok Tops 568,Apparel,Tops,87.17,Reebok
P0569,Reebok Tops 569,Apparel,Tops,165.51,Reebok
P0570,NewBalance Everyday 570,Accessories,Everyday,136.71,NewBalance
P0571,Reebok Bottoms 571,Apparel,Bottoms,79.9,Reebok
P0572,UnderArmour Footwear 572,Sports,Footwear,136.87,UnderArmour
P0573,Puma Outdoor 573,Accessories,Outdoor,123.66,Puma
P0574,NewBalance Footwear 574,Sports,Footwear,40.15,NewBalance
P0575,Adidas Bottoms 575,Apparel,Bottoms,69.27,Adidas
P0576,Puma Equipment 576,Sports,Equipment,24.94,Puma
P0577,NewBalance Equipment 577,Sports,Equipment,73.52,NewBalance
P0578,Adidas Bottoms 578,Apparel,Bottoms,123.6,Adidas
P0579,Reebok Bottoms 579,Apparel,Bottoms,171.39,Reebok
P0580,UnderArmour Bottoms 580,Apparel,Bottoms,140.37,UnderArmour
P0581,Adidas Footwear 581,Sports,Footwear,126.56,Adidas
P0582,UnderArmour Equipment 582,Sports,Equipment,62.9,UnderArmour
P0583,NewBalance Bottoms 583,Apparel,Bottoms,8.55,NewBalance
P0584,NewBalance Tops 584,Apparel,Tops,10.85,NewBalance
P0585,NewBalance Everyday 585,Accessories,Everyday,36.19,NewBalance
P0586,Adidas Everyday 586,Accessories,Everyday,26.78,Adidas
P0587,Adidas Everyday 587,Accessories,Everyday,155.23,Adidas
P0588,Reebok Everyday 588,Accessories,Everyday,162.56,Reebok
P0589,Puma Bottoms 589,Apparel,Bottoms,124.41,Puma
P0590,Adidas Bottoms 590,Apparel,Bottoms,61.97,Adidas
P0591,Nike Tops 591,Apparel,Tops,126.09,Nike
P0592,Reebok Bottoms 592,Apparel,Bottoms,99.16,Reebok
P0593,Reebok Bottoms 593,Apparel,Bottoms,56.59,Reebok
P0594,UnderArmour Footwear 594,Sports,Footwear,9.66,UnderArmour
P0595,UnderArmour Everyday 595,Accessories,Everyday,143.87,UnderArmour
P0596,Adidas Bottoms 596,Apparel,Bottoms,71.43,Adidas
P0597,Adidas Bottoms 597,Apparel,Bottoms,66.17,Adidas
P0598,NewBalance Outdoor 598,Accessories,Outdoor,28.3,NewBalance
P0599,UnderArmour Everyday 599,Accessories,Everyday,11.15,UnderArmour
P0600,Adidas Equipment 600,Sports,Equipment,53.39,Adidas
P0601,Nike Outdoor 601,Accessories,Outdoor,85.82,Nike
P0602,UnderArmour Bottoms 602,Apparel,Bottoms,82.28,UnderArmour
P0603,Puma Equipment 603,Sports,Equipment,14.32,Puma
P0604,Nike Footwear 604,Sports,Footwear,141.01,Nike
P0605,NewBalance Outdoor 605,Accessories,Outdoor,19.06,NewBalance
P0606,Puma Everyday 606,Accessories,Everyday,117.68,Puma
P0607,Puma Footwear 607,Sports,Footwear,78.28,Puma
P0608,Reebok Everyday 608,Accessories,Everyday,190.69,Reebok
P0609,Reebok Footwear 609,Sports,Footwear,199.46,Reebok
P0610,Puma Everyday 610,Accessories,Everyday,181.64,Puma
P0611,Adidas Outdoor 611,Accessories,Outdoor,16.84,Adidas
P0612,UnderArmour Outdoor 612,Accessories,Outdoor,81.14,UnderArmour
P0613,Adidas Equipment 613,Sports,Equipment,72.96,Adidas
P0614,UnderArmour Tops 614,Apparel,Tops,173.36,UnderArmour
P0615,Puma Footwear 615,Sports,Footwear,145.24,Puma
P0616,UnderArmour Footwear 616,Sports,Footwear,110.8,UnderArmour
P0617,Reebok Equipment 617,Sports,Equipment,36.9,Reebok
P0618,Reebok Equipment 618,Sports,Equipment,142.28,Reebok
P0619,NewBalance Outdoor 619,Accessories,Outdoor,165.79,NewBalance
P0620,Reebok Everyday 620,Accessories,Everyday,173.59,Reebok
P0621,Puma Equipment 621,Sports,Equipment,104.36,Puma
P0622,Adidas Footwear 622,Sports,Footwear,126.32,Adidas
P0623,Reebok Bottoms 623,Apparel,Bottoms,189.74,Reebok
P0624,NewBalance Everyday 624,Accessories,Everyday,176.02,NewBalance
P0625,UnderArmour Outdoor 625,Accessories,Outdoor,161.58,UnderArmour
P0626,Nike Outdoor 626,Accessories,Outdoor,88.02,Nike
P0627,Adidas Tops 627,Apparel,Tops,191.28,Adidas
P0628,UnderArmour Tops 628,Apparel,Tops,158.4,UnderArmour
P0629,NewBalance Tops 629,Apparel,Tops,44.68,NewBalance
P0630,Reebok Outdoor 630,Accessories,Outdoor,118.67,Reebok
P0631,UnderArmour Everyday 631,Accessories,Everyday,10.99,UnderArmour
P0632,NewBalance Everyday 632,Accessories,Everyday,138.78,NewBalance
P0633,Adidas Footwear 633,Sports,Footwear,156.31,Adidas
P0634,Reebok Equipment 634,Sports,Equipment,8.68,Reebok
P0635,NewBalance Equipment 635,Sports,Equipment,66.29,NewBalance
P0636,NewBalance Footwear 636,Sports,Footwear,125.19,NewBalance
P0637,UnderArmour Bottoms 637,Apparel,Bottoms,84.73,UnderArmour
P0638,Puma Outdoor 638,Accessories,Outdoor,141.72,Puma
P0639,Nike Footwear 639,Sports,Footwear,103.28,Nike
P0640,NewBalance Everyday 640,Accessories,Everyday,117.24,NewBalance
P0641,UnderArmour Footwear 641,Sports,Footwear,143.18,UnderArmour
P0642,Reebok Bottoms 642,Apparel,Bottoms,133.18,Reebok
P0643,NewBalance Outdoor 643,Accessories,Outdoor,183.32,NewBalance
P0644,Puma Bottoms 644,Apparel,Bottoms,95.02,Puma
P0645,UnderArmour Everyday 645,Accessories,Everyday,152.29,UnderArmour
P0646,Reebok Everyday 646,Accessories,Everyday,77.69,Reebok
P0647,Adidas Equipment 647,Sports,Equipment,58.47,Adidas
P0648,UnderArmour Outdoor 648,Accessories,Outdoor,145.32,UnderArmour
P0649,UnderArmour Outdoor 649,Accessories,Outdoor,182.51,UnderArmour
P0650,Puma Tops 650,Apparel,Tops,59.89,Puma
P0651,Reebok Bottoms 651,Apparel,Bottoms,154.15,Reebok
P0652,Adidas Equipment 652,Sports,Equipment,7.65,Adidas
P0653,Puma Footwear 653,Sports,Footwear,77.73,Puma
P0654,Puma Footwear 654,Sports,Footwear,173.78,Puma
P0655,Reebok Equipment 655,Sports,Equipment,111.7,Reebok
P0656,Nike Equipment 656,Sports,Equipment,184.46,Nike
P0657,NewBalance Equipment 657,Sports,Equipment,109.17,NewBalance
P0658,Adidas Everyday 658,Accessories,Everyday,84.1,Adidas
P0659,Adidas Outdoor 659,Accessories,Outdoor,51.1,Adidas
P0660,Reebok Tops 660,Apparel,Tops,29.35,Reebok
P0661,Nike Outdoor 661,Accessories,Outdoor,10.32,Nike
P0662,Nike Footwear 662,Sports,Footwear,122.97,Nike
P0663,Adidas Outdoor 663,Accessories,Outdoor,116.37,Adidas
P0664,NewBalance Footwear 664,Sports,Footwear,151.97,NewBalance
P0665,Reebok Outdoor 665,Accessories,Outdoor,95.42,Reebok
P0666,NewBalance Tops 666,Apparel,Tops,161.28,NewBalance
P0667,Nike Outdoor 667,Accessories,Outdoor,27.8,Nike
P0668,Reebok Equipment 668,Sports,Equipment,36.45,Reebok
P0669,NewBalance Everyday 669,Accessories,Everyday,6.9,NewBalance
P0670,Adidas Outdoor 670,Accessories,Outdoor,114.77,Adidas
P0671,Reebok Equipment 671,Sports,Equipment,13.22,Reebok
P0672,NewBalance Equipment 672,Sports,Equipment,141.67,NewBalance
P0673,Reebok Tops 673,Apparel,Tops,44.09,Reebok
P0674,Reebok Footwear 674,Sports,Footwear,82.78,Reebok
P0675,NewBalance Footwear 675,Sports,Footwear,162.95,NewBalance
P0676,Adidas Footwear 676,Sports,Footwear,149.54,Adidas
P0677,Reebok Everyday 677,Accessories,Everyday,110.08,Reebok
P0678,Adidas Bottoms 678,Apparel,Bottoms,144.42,Adidas
P0679,Puma Equipment 679,Sports,Equipment,75.03,Puma
P0680,UnderArmour Equipment 680,Sports,Equipment,88.94,UnderArmour
P0681,Puma Equipment 681,Sports,Equipment,172.7,Puma
P0682,UnderArmour Footwear 682,Sports,Footwear,39.38,UnderArmour
P0683,Puma Outdoor 683,Accessories,Outdoor,61.5,Puma
P0684,Reebok Bottoms 684,Apparel,Bottoms,71.18,Reebok
P0685,UnderArmour Bottoms 685,Apparel,Bottoms,138.41,UnderArmour
P0686,Puma Outdoor 686,Accessories,Outdoor,169.65,Puma
P0687,NewBalance Footwear 687,Sports,Footwear,44.4,NewBalance
P0688,NewBalance Outdoor 688,Accessories,Outdoor,29.53,NewBalance
P0689,NewBalance Equipment 689,Sports,Equipment,105.97,NewBalance
P0690,Adidas Footwear 690,Sports,Footwear,128.65,Adidas
P0691,Nike Outdoor 691,Accessories,Outdoor,39.86,Nike
P0692,Adidas Tops 692,Apparel,Tops,81.06,Adidas
P0693,Adidas Equipment 693,Sports,Equipment,193.86,Adidas
P0694,Puma Bottoms 694,Apparel,Bottoms,89.57,Puma
P0695,Nike Footwear 695,Sports,Footwear,116.81,Nike
P0696,Adidas Outdoor 696,Accessories,Outdoor,48.82,Adidas
P0697,NewBalance Bottoms 697,Apparel,Bottoms,109.05,NewBalance
P0698,Puma Bottoms 698,Apparel,Bottoms,173.71,Puma
P0699,Reebok Tops 699,Apparel,Tops,128.57,Reebok
P0700,NewBalance Everyday 700,Accessories,Everyday,198.48,NewBalance
P0701,Adidas Tops 701,Apparel,Tops,80.35,Adidas
P0702,Puma Equipment 702,Sports,Equipment,56.18,Puma
P0703,UnderArmour Tops 703,Apparel,Tops,179.38,UnderArmour
P0704,Adidas Equipment 704,Sports,Equipment,43.49,Adidas
P0705,NewBalance Bottoms 705,Apparel,Bottoms,13.2,NewBalance
P0706,Adidas Outdoor 706,Accessories,Outdoor,85.43,Adidas
P0707,Nike Equipment 707,Sports,Equipment,129.63,Nike
P0708,Reebok Bottoms 708,Apparel,Bottoms,171.41,Reebok
P0709,Puma Tops 709,Apparel,Tops,162.3,Puma
P0710,Puma Equipment 710,Sports,Equipment,135.42,Puma
P0711,Puma Everyday 711,Accessories,Everyday,104.21,Puma
P0712,Adidas Outdoor 712,Accessories,Outdoor,163.07,Adidas
P0713,Reebok Equipment 713,Sports,Equipment,101.49,Reebok
P0714,Reebok Tops 714,Apparel,Tops,164.89,Reebok
P0715,Nike Bottoms 715,Apparel,Bottoms,173.41,Nike
P0716,Nike Footwear 716,Sports,Footwear,158.35,Nike
P0717,Puma Tops 717,Apparel,Tops,188.25,Puma
P0718,Reebok Outdoor 718,Accessories,Outdoor,23.14,Reebok
P0719,Reebok Tops 719,Apparel,Tops,138.53,Reebok
P0720,Puma Bottoms 720,Apparel,Bottoms,156.39,Puma
P0721,UnderArmour Equipment 721,Sports,Equipment,5.46,UnderArmour
P0722,NewBalance Outdoor 722,Accessories,Outdoor,86.32,NewBalance
P0723,Adidas Tops 723,Apparel,Tops,148.34,Adidas
P0724,Reebok Bottoms 724,Apparel,Bottoms,27.05,Reebok
P0725,Nike Equipment 725,Sports,Equipment,22.64,Nike
P0726,UnderArmour Outdoor 726,Accessories,Outdoor,24.07,UnderArmour
P0727,Nike Outdoor 727,Accessories,Outdoor,172.43,Nike
P0728,Adidas Outdoor 728,Accessories,Outdoor,155.92,Adidas
P0729,UnderArmour Everyday 729,Accessories,Everyday,85.59,UnderArmour
P0730,Adidas Tops 730,Apparel,Tops,155.13,Adidas
P0731,Nike Footwear 731,Sports,Footwear,166.44,Nike
P0732,NewBalance Footwear 732,Sports,Footwear,106.61,NewBalance
P0733,Reebok Footwear 733,Sports,Footwear,111.21,Reebok
P0734,Nike Bottoms 734,Apparel,Bottoms,170.6,Nike
P0735,NewBalance Tops 735,Apparel,Tops,50.78,NewBalance
P0736,Adidas Equipment 736,Sports,Equipment,84.19,Adidas
P0737,Puma Bottoms 737,Apparel,Bottoms,92.2,Puma
P0738,Puma Tops 738,Apparel,Tops,155.12,Puma
P0739,Reebok Outdoor 739,Accessories,Outdoor,84.08,Reebok
P0740,UnderArmour Footwear 740,Sports,Footwear,150.38,UnderArmour
P0741,UnderArmour Everyday 741,Accessories,Everyday,128.87,UnderArmour
P0742,Puma Everyday 742,Accessories,Everyday,199.88,Puma
P0743,Reebok Footwear 743,Sports,Footwear,57.91,Reebok
P0744,Reebok Equipment 744,Sports,Equipment,113.52,Reebok
P0745,Nike Bottoms 745,Apparel,Bottoms,195.7,Nike
P0746,NewBalance Everyday 746,Accessories,Everyday,145.93,NewBalance
P0747,Puma Everyday 747,Accessories,Everyday,80.82,Puma
P0748,NewBalance Tops 748,Apparel,Tops,163.32,NewBalance
P0749,Puma Bottoms 749,Apparel,Bottoms,98.51,Puma
P0750,NewBalance Outdoor 750,Accessories,Outdoor,8.93,NewBalance
P0751,Reebok Outdoor 751,Accessories,Outdoor,55.38,Reebok
P0752,Puma Bottoms 752,Apparel,Bottoms,68.92,Puma
P0753,Adidas Footwear 753,Sports,Footwear,7.28,Adidas
P0754,Reebok Footwear 754,Sports,Footwear,73.3,Reebok
P0755,Puma Equipment 755,Sports,Equipment,183.71,Puma
P0756,NewBalance Tops 756,Apparel,Tops,50.59,NewBalance
P0757,Reebok Everyday 757,Accessories,Everyday,51.16,Reebok
P0758,Puma Everyday 758,Accessories,Everyday,51.03,Puma
P0759,Puma Bottoms 759,Apparel,Bottoms,52.17,Puma
P0760,UnderArmour Footwear 760,Sports,Footwear,22.49,UnderArmour
P0761,Adidas Outdoor 761,Accessories,Outdoor,143.72,Adidas
P0762,UnderArmour Equipment 762,Sports,Equipment,85.34,UnderArmour
P0763,Adidas Equipment 763,Sports,Equipment,60.93,Adidas
P0764,Puma Equipment 764,Sports,Equipment,157.78,Puma
P0765,Nike Footwear 765,Sports,Footwear,52.04,Nike
P0766,Nike Everyday 766,Accessories,Everyday,175.72,Nike
P0767,Nike Footwear 767,Sports,Footwear,15.79,Nike
P0768,UnderArmour Bottoms 768,Apparel,Bottoms,96.25,UnderArmour
P0769,Puma Bottoms 769,Apparel,Bottoms,194.67,Puma
P0770,NewBalance Footwear 770,Sports,Footwear,90.6,NewBalance
P0771,NewBalance Footwear 771,Sports,Footwear,127.78,NewBalance
P0772,UnderArmour Tops 772,Apparel,Tops,178.44,UnderArmour
P0773,NewBalance Bottoms 773,Apparel,Bottoms,15.95,NewBalance
P0774,Nike Tops 774,Apparel,Tops,67.35,Nike
P0775,Nike Outdoor 775,Accessories,Outdoor,111.96,Nike
P0776,NewBalance Everyday 776,Accessories,Everyday,116.76,NewBalance
P0777,Puma Tops 777,Apparel,Tops,88.55,Puma
P0778,Nike Equipment 778,Sports,Equipment,134.15,Nike
P0779,NewBalance Equipment 779,Sports,Equipment,162.37,NewBalance
P0780,Puma Footwear 780,Sports,Footwear,128.72,Puma
P0781,Puma Everyday 781,Accessories,Everyday,180.44,Puma
P0782,NewBalance Bottoms 782,Apparel,Bottoms,87.87,NewBalance
P0783,Reebok Tops 783,Apparel,Tops,137.99,Reebok
P0784,Adidas Tops 784,Apparel,Tops,46.71,Adidas
P0785,Nike Bottoms 785,Apparel,Bottoms,54.5,Nike
P0786,Puma Tops 786,Apparel,Tops,50.89,Puma
P0787,Reebok Footwear 787,Sports,Footwear,162.69,Reebok
P0788,Puma Outdoor 788,Accessories,Outdoor,198.69,Puma
P0789,NewBalance Tops 789,Apparel,Tops,162.57,NewBalance
P0790,Puma Outdoor 790,Accessories,Outdoor,105.76,Puma
P0791,UnderArmour Everyday 791,Accessories,Everyday,151.38,UnderArmour
P0792,UnderArmour Everyday 792,Accessories,Everyday,22.25,UnderArmour
P0793,Adidas Footwear 793,Sports,Footwear,119.51,Adidas
P0794,Nike Outdoor 794,Accessories,Outdoor,182.12,Nike
P0795,UnderArmour Footwear 795,Sports,Footwear,147.67,UnderArmour
P0796,NewBalance Bottoms 796,Apparel,Bottoms,23.7,NewBalance
P0797,Adidas Equipment 797,Sports,Equipment,154.02,Adidas
P0798,Adidas Footwear 798,Sports,Footwear,38.54,Adidas
P0799,UnderArmour Everyday 799,Accessories,Everyday,77.96,UnderArmour
P0800,NewBalance Equipment 800,Sports,Equipment,36.87,NewBalance
P0801,Nike Footwear 801,Sports,Footwear,120.73,Nike
P0802,Puma Equipment 802,Sports,Equipment,5.72,Puma
P0803,NewBalance Outdoor 803,Accessories,Outdoor,126.45,NewBalance
P0804,Puma Everyday 804,Accessories,Everyday,72.34,Puma
P0805,Reebok Footwear 805,Sports,Footwear,60.25,Reebok
P0806,Adidas Everyday 806,Accessories,Everyday,41.57,Adidas
P0807,UnderArmour Everyday 807,Accessories,Everyday,121.77,UnderArmour
P0808,Puma Bottoms 808,Apparel,Bottoms,69.53,Puma
P0809,Puma Tops 809,Apparel,Tops,103.73,Puma
P0810,UnderArmour Tops 810,Apparel,Tops,144.23,UnderArmour
P0811,Adidas Tops 811,Apparel,Tops,140.46,Adidas
P0812,NewBalance Everyday 812,Accessories,Everyday,99.06,NewBalance
P0813,Nike Everyday 813,Accessories,Everyday,183.91,Nike
P0814,NewBalance Everyday 814,Accessories,Everyday,175.35,NewBalance
P0815,Nike Equipment 815,Sports,Equipment,20.49,Nike
P0816,Adidas Footwear 816,Sports,Footwear,178.29,Adidas
P0817,Puma Outdoor 817,Accessories,Outdoor,125.53,Puma
P0818,Puma Everyday 818,Accessories,Everyday,144.22,Puma
P0819,Nike Bottoms 819,Apparel,Bottoms,128.98,Nike
P0820,NewBalance Tops 820,Apparel,Tops,79.8,NewBalance
P0821,Reebok Outdoor 821,Accessories,Outdoor,8.62,Reebok
P0822,UnderArmour Outdoor 822,Accessories,Outdoor,27.12,UnderArmour
P0823,Nike Equipment 823,Sports,Equipment,31.49,Nike
P0824,Adidas Tops 824,Apparel,Tops,120.56,Adidas
P0825,NewBalance Bottoms 825,Apparel,Bottoms,40.42,NewBalance
P0826,Adidas Outdoor 826,Accessories,Outdoor,66.96,Adidas
P0827,Reebok Everyday 827,Accessories,Everyday,165.84,Reebok
P0828,Reebok Footwear 828,Sports,Footwear,188.4,Reebok
P0829,Puma Tops 829,Apparel,Tops,144.42,Puma
P0830,NewBalance Outdoor 830,Accessories,Outdoor,64.14,NewBalance
P0831,Puma Equipment 831,Sports,Equipment,113.92,Puma
P0832,Reebok Tops 832,Apparel,Tops,161.12,Reebok
P0833,Nike Equipment 833,Sports,Equipment,29.04,Nike
P0834,Adidas Footwear 834,Sports,Footwear,88.9,Adidas
P0835,Nike Everyday 835,Accessories,Everyday,93.28,Nike
P0836,Adidas Bottoms 836,Apparel,Bottoms,118.72,Adidas
P0837,Puma Outdoor 837,Accessories,Outdoor,194.72,Puma
P0838,Puma Bottoms 838,Apparel,Bottoms,92.48,Puma
P0839,Puma Everyday 839,Accessories,Everyday,19.31,Puma
P0840,UnderArmour Tops 840,Apparel,Tops,65.87,UnderArmour
P0841,NewBalance Equipment 841,Sports,Equipment,57.2,NewBalance
P0842,Reebok Tops 842,Apparel,Tops,99.36,Reebok
P0843,UnderArmour Bottoms 843,Apparel,Bottoms,101.77,UnderArmour
P0844,UnderArmour Outdoor 844,Accessories,Outdoor,135.39,UnderArmour
P0845,Adidas Outdoor 845,Accessories,Outdoor,154.21,Adidas
P0846,Nike Equipment 846,Sports,Equipment,150.84,Nike
P0847,UnderArmour Footwear 847,Sports,Footwear,19.45,UnderArmour
P0848,UnderArmour Bottoms 848,Apparel,Bottoms,102.29,UnderArmour
P0849,UnderArmour Equipment 849,Sports,Equipment,165.19,UnderArmour
P0850,Nike Everyday 850,Accessories,Everyday,133.68,Nike
P0851,UnderArmour Footwear 851,Sports,Footwear,159.48,UnderArmour
P0852,NewBalance Tops 852,Apparel,Tops,143.67,NewBalance
P0853,Puma Bottoms 853,Apparel,Bottoms,35.97,Puma
P0854,Adidas Footwear 854,Sports,Footwear,126.53,Adidas
P0855,Puma Everyday 855,Accessories,Everyday,121.78,Puma
P0856,UnderArmour Tops 856,Apparel,Tops,54.91,UnderArmour
P0857,NewBalance Outdoor 857,Accessories,Outdoor,86.99,NewBalance
P0858,NewBalance Everyday 858,Accessories,Everyday,191.75,NewBalance
P0859,NewBalance Equipment 859,Sports,Equipment,93.01,NewBalance
P0860,Adidas Equipment 860,Sports,Equipment,122.67,Adidas
P0861,Reebok Tops 861,Apparel,Tops,78.73,Reebok
P0862,UnderArmour Footwear 862,Sports,Footwear,101.58,UnderArmour
P0863,Adidas Equipment 863,Sports,Equipment,72.15,Adidas
P0864,Reebok Equipment 864,Sports,Equipment,188.5,Reebok
P0865,Nike Equipment 865,Sports,Equipment,98.18,Nike
P0866,Adidas Footwear 866,Sports,Footwear,77.04,Adidas
P0867,Adidas Equipment 867,Sports,Equipment,144.88,Adidas
P0868,UnderArmour Tops 868,Apparel,Tops,109.08,UnderArmour
P0869,Reebok Bottoms 869,Apparel,Bottoms,59.25,Reebok
P0870,Adidas Tops 870,Apparel,Tops,164.76,Adidas
P0871,NewBalance Footwear 871,Sports,Footwear,155.34,NewBalance
P0872,Puma Outdoor 872,Accessories,Outdoor,118.39,Puma
P0873,NewBalance Everyday 873,Accessories,Everyday,128.81,NewBalance
P0874,Nike Equipment 874,Sports,Equipment,11.85,Nike
P0875,Adidas Footwear 875,Sports,Footwear,74.2,Adidas
P0876,Puma Footwear 876,Sports,Footwear,138.18,Puma
P0877,Adidas Equipment 877,Sports,Equipment,174.45,Adidas
P0878,NewBalance Outdoor 878,Accessories,Outdoor,16.63,NewBalance
P0879,Puma Footwear 879,Sports,Footwear,122.63,Puma
P0880,UnderArmour Equipment 880,Sports,Equipment,145.54,UnderArmour
P0881,Puma Equipment 881,Sports,Equipment,140.98,Puma
P0882,UnderArmour Bottoms 882,Apparel,Bottoms,148.31,UnderArmour
P0883,UnderArmour Footwear 883,Sports,Footwear,193.26,UnderArmour
P0884,UnderArmour Bottoms 884,Apparel,Bottoms,85.62,UnderArmour
P0885,Reebok Outdoor 885,Accessories,Outdoor,9.38,Reebok
P0886,NewBalance Bottoms 886,Apparel,Bottoms,117.5,NewBalance
P0887,Nike Outdoor 887,Accessories,Outdoor,55.32,Nike
P0888,Reebok Tops 888,Apparel,Tops,44.79,Reebok
P0889,NewBalance Outdoor 889,Accessories,Outdoor,163.95,NewBalance
P0890,Puma Outdoor 890,Accessories,Outdoor,33.55,Puma
P0891,NewBalance Tops 891,Apparel,Tops,159.15,NewBalance
P0892,Puma Bottoms 892,Apparel,Bottoms,86.76,Puma
P0893,Adidas Everyday 893,Accessories,Everyday,91.45,Adidas
P0894,UnderArmour Outdoor 894,Accessories,Outdoor,132.14,UnderArmour
P0895,Adidas Tops 895,Apparel,Tops,60.42,Adidas
P0896,Nike Footwear 896,Sports,Footwear,143.63,Nike
P0897,Puma Bottoms 897,Apparel,Bottoms,72.29,Puma
P0898,NewBalance Footwear 898,Sports,Footwear,98.92,NewBalance
P0899,Puma Bottoms 899,Apparel,Bottoms,66.65,Puma
P0900,Puma Everyday 900,Accessories,Everyday,193.98,Puma
P0901,Nike Tops 901,Apparel,Tops,132.27,Nike
P0902,NewBalance Everyday 902,Accessories,Everyday,189.91,NewBalance
P0903,Adidas Outdoor 903,Accessories,Outdoor,192.81,Adidas
P0904,Puma Equipment 904,Sports,Equipment,154.47,Puma
P0905,Puma Outdoor 905,Accessories,Outdoor,7.69,Puma
P0906,Puma Footwear 906,Sports,Footwear,92.39,Puma
P0907,Adidas Tops 907,Apparel,Tops,86.87,Adidas
P0908,NewBalance Bottoms 908,Apparel,Bottoms,121.64,NewBalance
P0909,Puma Bottoms 909,Apparel,Bottoms,116.34,Puma
P0910,UnderArmour Bottoms 910,Apparel,Bottoms,28.21,UnderArmour
P0911,Reebok Tops 911,Apparel,Tops,100.19,Reebok
P0912,Reebok Everyday 912,Accessories,Everyday,35.31,Reebok
P0913,NewBalance Tops 913,Apparel,Tops,7.81,NewBalance
P0914,NewBalance Footwear 914,Sports,Footwear,60.21,NewBalance
P0915,Reebok Footwear 915,Sports,Footwear,143.96,Reebok
P0916,Nike Bottoms 916,Apparel,Bottoms,77.6,Nike
P0917,UnderArmour Tops 917,Apparel,Tops,178.8,UnderArmour
P0918,Puma Everyday 918,Accessories,Everyday,195.91,Puma
P0919,Reebok Tops 919,Apparel,Tops,114.9,Reebok
P0920,UnderArmour Footwear 920,Sports,Footwear,107.93,UnderArmour
P0921,UnderArmour Tops 921,Apparel,Tops,77.25,UnderArmour
P0922,NewBalance Tops 922,Apparel,Tops,54.81,NewBalance
P0923,Adidas Footwear 923,Sports,Footwear,194.31,Adidas
P0924,NewBalance Everyday 924,Accessories,Everyday,113.24,NewBalance
P0925,Nike Bottoms 925,Apparel,Bottoms,22.98,Nike
P0926,Nike Bottoms 926,Apparel,Bottoms,77.46,Nike
P0927,Puma Tops 927,Apparel,Tops,10.6,Puma
P0928,Reebok Footwear 928,Sports,Footwear,112.72,Reebok
P0929,Adidas Everyday 929,Accessories,Everyday,55.73,Adidas
P0930,NewBalance Outdoor 930,Accessories,Outdoor,24.67,NewBalance
P0931,Adidas Tops 931,Apparel,Tops,169.47,Adidas
P0932,NewBalance Outdoor 932,Accessories,Outdoor,61.34,NewBalance
P0933,Nike Tops 933,Apparel,Tops,83.78,Nike
P0934,Puma Equipment 934,Sports,Equipment,172.75,Puma
P0935,NewBalance Equipment 935,Sports,Equipment,120.78,NewBalance
P0936,Puma Outdoor 936,Accessories,Outdoor,56.79,Puma
P0937,NewBalance Equipment 937,Sports,Equipment,78.31,NewBalance
P0938,Adidas Bottoms 938,Apparel,Bottoms,100.22,Adidas
P0939,UnderArmour Footwear 939,Sports,Footwear,73.12,UnderArmour
P0940,Puma Footwear 940,Sports,Footwear,20.15,Puma
P0941,Nike Everyday 941,Accessories,Everyday,158.88,Nike
P0942,UnderArmour Tops 942,Apparel,Tops,116.27,UnderArmour
P0943,Adidas Footwear 943,Sports,Footwear,123.06,Adidas
P0944,Adidas Tops 944,Apparel,Tops,140.69,Adidas
P0945,Nike Footwear 945,Sports,Footwear,109.55,Nike
P0946,Puma Outdoor 946,Accessories,Outdoor,123.52,Puma
P0947,Reebok Everyday 947,Accessories,Everyday,199.46,Reebok
P0948,Adidas Footwear 948,Sports,Footwear,11.92,Adidas
P0949,Nike Everyday 949,Accessories,Everyday,16.64,Nike
P0950,Reebok Footwear 950,Sports,Footwear,91.87,Reebok
P0951,Adidas Equipment 951,Sports,Equipment,125.8,Adidas
P0952,NewBalance Outdoor 952,Accessories,Outdoor,98.5,NewBalance
P0953,Reebok Footwear 953,Sports,Footwear,127.46,Reebok
P0954,Adidas Tops 954,Apparel,Tops,130.13,Adidas
P0955,Puma Bottoms 955,Apparel,Bottoms,112.23,Puma
P0956,NewBalance Everyday 956,Accessories,Everyday,80.32,NewBalance
P0957,Adidas Footwear 957,Sports,Footwear,179.19,Adidas
P0958,UnderArmour Footwear 958,Sports,Footwear,44.99,UnderArmour
P0959,NewBalance Everyday 959,Accessories,Everyday,142.17,NewBalance
P0960,Puma Outdoor 960,Accessories,Outdoor,122.34,Puma
P0961,NewBalance Equipment 961,Sports,Equipment,80.3,NewBalance
P0962,NewBalance Tops 962,Apparel,Tops,92.2,NewBalance
P0963,Puma Outdoor 963,Accessories,Outdoor,33.7,Puma
P0964,Adidas Outdoor 964,Accessories,Outdoor,83.57,Adidas
P0965,Nike Equipment 965,Sports,Equipment,143.74,Nike
P0966,Puma Bottoms 966,Apparel,Bottoms,74.38,Puma
P0967,Puma Footwear 967,Sports,Footwear,97.61,Puma
P0968,Adidas Footwear 968,Sports,Footwear,119.14,Adidas
P0969,Nike Footwear 969,Sports,Footwear,30.27,Nike
P0970,Puma Equipment 970,Sports,Equipment,77.54,Puma
P0971,UnderArmour Footwear 971,Sports,Footwear,57.87,UnderArmour
P0972,UnderArmour Outdoor 972,Accessories,Outdoor,187.48,UnderArmour
P0973,Puma Everyday 973,Accessories,Everyday,93.01,Puma
P0974,Nike Footwear 974,Sports,Footwear,68.6,Nike
P0975,Adidas Footwear 975,Sports,Footwear,73.68,Adidas
P0976,Reebok Footwear 976,Sports,Footwear,51.58,Reebok
P0977,UnderArmour Outdoor 977,Accessories,Outdoor,82.7,UnderArmour
P0978,Puma Equipment 978,Sports,Equipment,190.05,Puma
P0979,UnderArmour Equipment 979,Sports,Equipment,140.33,UnderArmour
P0980,NewBalance Tops 980,Apparel,Tops,162.74,NewBalance
P0981,Puma Everyday 981,Accessories,Everyday,52.68,Puma
P0982,Nike Outdoor 982,Accessories,Outdoor,75.77,Nike
P0983,NewBalance Equipment 983,Sports,Equipment,147.35,NewBalance
P0984,Nike Tops 984,Apparel,Tops,198.15,Nike
P0985,UnderArmour Tops 985,Apparel,Tops,12.92,UnderArmour
P0986,NewBalance Footwear 986,Sports,Footwear,139.77,NewBalance
P0987,Puma Footwear 987,Sports,Footwear,85.62,Puma
P0988,Adidas Tops 988,Apparel,Tops,165.26,Adidas
P0989,UnderArmour Everyday 989,Accessories,Everyday,173.35,UnderArmour
P0990,Reebok Tops 990,Apparel,Tops,51.19,Reebok
P0991,Puma Equipment 991,Sports,Equipment,98.54,Puma
P0992,NewBalance Everyday 992,Accessories,Everyday,68.53,NewBalance
P0993,NewBalance Equipment 993,Sports,Equipment,108.22,NewBalance
P0994,Reebok Equipment 994,Sports,Equipment,34.89,Reebok
P0995,NewBalance Bottoms 995,Apparel,Bottoms,57.23,NewBalance
P0996,Reebok Bottoms 996,Apparel,Bottoms,91.87,Reebok
P0997,Nike Outdoor 997,Accessories,Outdoor,176.25,Nike
P0998,Nike Bottoms 998,Apparel,Bottoms,120.45,Nike
P0999,UnderArmour Outdoor 999,Accessories,Outdoor,193.94,UnderArmour
P1000,Reebok Everyday 1000,Accessories,Everyday,11.91,Reebok
