store_id,name,address,city,state,country
S001,Edmonton Store 1,101 Main St,Edmonton,AB,Canada
S002,Vancouver Store 2,102 Main St,Vancouver,BC,Canada
S003,Toronto Store 3,103 Main St,Toronto,ON,Canada
S004,Montreal Store 4,104 Main St,Montreal,QC,Canada
S005,Calgary Store 5,105 Main St,Calgary,AB,Canada
S006,Edmonton Store 6,106 Main St,Edmonton,AB,Canada
S007,Vancouver Store 7,107 Main St,Vancouver,BC,Canada
S008,Toronto Store 8,108 Main St,Toronto,ON,Canada
S009,Montreal Store 9,109 Main St,Montreal,QC,Canada
S010,Calgary Store 10,110 Main St,Calgary,AB,Canada
S011,Edmonton Store 11,111 Main St,Edmonton,AB,Canada
S012,Vancouver Store 12,112 Main St,Vancouver,BC,Canada
S013,Toronto Store 13,113 Main St,Toronto,ON,Canada
S014,Montreal Store 14,114 Main St,Montreal,QC,Canada
S015,Calgary Store 15,115 Main St,Calgary,AB,Canada
S016,Edmonton Store 16,116 Main St,Edmonton,AB,Canada
S017,Vancouver Store 17,117 Main St,Vancouver,BC,Canada
S018,Toronto Store 18,118 Main St,Toronto,ON,Canada
S019,Montreal Store 19,119 Main St,Montreal,QC,Canada
S020,Calgary Store 20,120 Main St,Calgary,AB,Canada
S021,Edmonton Store 21,121 Main St,Edmonton,AB,Canada
S022,Vancouver Store 22,122 Main St,Vancouver,BC,Canada
S023,Toronto Store 23,123 Main St,Toronto,ON,Canada
S024,Montreal Store 24,124 Main St,Montreal,QC,Canada
S025,Calgary Store 25,125 Main St,Calgary,AB,Canada
S026,Edmonton Store 26,126 Main St,Edmonton,AB,Canada
S027,Vancouver Store 27,127 Main St,Vancouver,BC,Canada
S028,Toronto Store 28,128 Main St,Toronto,ON,Canada
S029,Montreal Store 29,129 Main St,Montreal,QC,Canada
S030,Calgary Store 30,130 Main St,Calgary,AB,Canada
S031,Edmonton Store 31,131 Main St,Edmonton,AB,Canada
S032,Vancouver Store 32,132 Main St,Vancouver,BC,Canada
S033,Toronto Store 33,133 Main St,Toronto,ON,Canada
S034,Montreal Store 34,134 Main St,Montreal,QC,Canada
S035,Calgary Store 35,135 Main St,Calgary,AB,Canada
S036,Edmonton Store 36,136 Main St,Edmonton,AB,Canada
S037,Vancouver Store 37,137 Main St,Vancouver,BC,Canada
S038,Toronto Store 38,138 Main St,Toronto,ON,Canada
S039,Montreal Store 39,139 Main St,Montreal,QC,Canada
S040,Calgary Store 40,140 Main St,Calgary,AB,Canada
S041,Edmonton Store 41,141 Main St,Edmonton,AB,Canada
S042,Vancouver Store 42,142 Main St,Vancouver,BC,Canada
S043,Toronto Store 43,143 Main St,Toronto,ON,Canada
S044,Montreal Store 44,144 Main St,Montreal,QC,Canada
S045,Calgary Store 45,145 Main St,Calgary,AB,Canada
S046,Edmonton Store 46,146 Main St,Edmonton,AB,Canada
S047,Vancouver Store 47,147 Main St,Vancouver,BC,Canada
S048,Toronto Store 48,148 Main St,Toronto,ON,Canada
S049,Montreal Store 49,149 Main St,Montreal,QC,Canada
S050,Calgary Store 50,150 Main St,Calgary,AB,Canada
